bloc,hassaniya_ar,hassaniya_norm,pulaar,english,sentiment,nuance
tweets,اينيتي وحل فلباسي,اينيتي وحل فلباسي,Gaɗi ina nanngi e comci am,Burrs have stuck to my clothes.,negatif,non
tweets,الكلام منين نگال، يالتو يعدل,الكلام منين نگال، يالتو يعدل,so houndé halama foti ko wadédé,"When something is said, act quickly.",neutre,non
tweets,السّراگ مشا  ما علم بيه حد او  رفد الفضة.,السراگ مشا ما علم بيه حد او رفد الفضه.,guoudio ari kéné moyti té o woudji khaliss,The thief has gone secretly and stolen money.,negatif,non
tweets,الراجل يطرّف كيف السّراق.,الراجل يطرف كيف السراق.,omo madja guitté élé goudjo,The man is blinking like a thief.,negatif,non
tweets,هي عدلت مارو للعشا.,هي عدلت مارو للعشا.,o defi ko maro hirandé,She is cooking rice for dinner.,positif,non
tweets,كنا لا مجوقين يغير يبان انفگع.,كنا لا مجوقين يغير يبان انفگع.,mén pidjano o séki,We were joking and he responded with anger.,negatif,non
tweets,النار گدات ار لسعت الطفيل.,النار گدات ار لسعت الطفيل.,thioumonguo ko ko ari té soumi thioukolél guel,The fire has sparked and burnt the child.,negatif,non
tweets,المرا كانت واخضة او  الطفيل اتبعها.,المرا كانت واخضه او الطفيل اتبعها.,youmérado ko ko djipotono é lawol nguol thioukolél nguél éné rewno é mokko,The mother was going down the road and the child pursued her.,neutre,non
tweets,رفدوا على الظهر,رفدوا علي الظهر,womboumo é kéthi,carry it on the back.,neutre,non
tweets,بايگة لصقت فلباسي,بايگه لصقت فلباسي,howéndéré dakkima é robam,A bug has stuck to my dress.,negatif,non
tweets,ذا لي گلت زين او مونك.,ذا لي گلت زين او مونك.,mé walitima é ko kaldako,I have supported your suggestion.,positif,non
tweets,طرح كرسيين او جيبهم معاك.,طرح كرسيين او جيبهم معاك.,ndéndiné chaizoudji diidi té ngadon ndoum,Put two chairs together and bring them.,neutre,non
tweets,هو گبظ شي من الگبال او عطاه لي.,هو گبظ شي من الگبال او عطاه لي.,o habbiti won é poddé maka é lékkimoum o rokimi,He removed some corn from the cob and gave it to me.,positif,non
tweets,أحمد يگدي الدايگات مع ارواگيج.,احمد يگدي الدايگات مع ارواگيج.,ahmed héwi waddé ko yo yimbé kabb,Ahmed usually urges people to fight.,negatif,non
tweets,ذي الصيدة غرات فيا بعد ما جبرتها.,ذي الصيده غرات فيا بعد ما جبرتها.,o do souka débbo ko kéddido dakkadé é mbandam guilé né kawroumé é moko,This girl stuck to me after we met.,neutre,non
tweets,ارگاج يالتو ما يعود عويليل,ارگاج يالتو ما يعود عويليل,bondé néydi modjani,Wild behaviour is not good.,negatif,non
tweets,الا  جات السحاب الرجلي ما لاهي يگيسوا    فلاحتهم.,الا جات السحاب الرجلي ما لاهي يگيسوا فلاحتهم.,so tobbi ko djouti soubaka o yimbé bé djahata to guéssé,"If it rains for long in the morning, people don’t go farming.",negatif,non
tweets,ما زلت مامشيت.,ما زلت مامشيت.,mé souwato yaddé,I have not yet gone.,neutre,non
tweets,سيدي سمع لخباراو شورني.,سيدي سمع لخباراو شورني.,sidi nani khibar o té déwi kam,Sidi heard the news and also consulted me.,positif,non
tweets,ما گطيت مشيت.,ما گطيت مشيت.,mi méda yaddé tone,I have never gone.,neutre,non
tweets,قطيت گست.,قطيت گست.,mé médi yadé tone,I have gone before,neutre,non
tweets,گط جا هون.,گط جا هون.,o médi ardé do,He had once come here.,neutre,non
tweets,راهي تعاون خوها يغيير راسو امتن مناش.,راهي تعاون خوها يغيير راسو امتن مناش.,"o héwi ko djinguandé migniko gorko ,tiddo horé","She usually supports her younger brother, who is very stubborn.",positif,non
tweets,شهادة الزور ما يبقيها لا مولانا لا عبده(و).,شهاده الزور ما يبقيها لا مولانا لا عبده(و).,modjani sétadé ko wodani,It is not good to bear false witness.,negatif,non
tweets,اوخظ هوك ورا الحوش ، ولاهي يظهرلك سيترن الماء.,اوخظ هوك ورا الحوش ، ولاهي يظهرلك سيترن الماء.,"sone djéhi thiagual odo grange ,mone dji soupéré ndiyam","If you go behind that barn, you will see a container of water.",neutre,non
tweets,الموجعة خلاتني لا گاعد هون.,الموجعه خلاتني لا گاعد هون.,rafi ki djodjinimi do yen,Sickness has made me stay only around here.,negatif,non
tweets,أثرك رجعت من بلدك؟,اثرك رجعت من بلدك؟,one nguarti to djanodon to ?,Have you returned from where you went?,neutre,non
tweets,كراعو واجعتو ذاك لمخليه الا يتگلب.,كراعو واجعتو ذاك لمخليه الا يتگلب.,omo tal lo ni yén é dow lesso ngo sabo koyngual moko éné moussa,He is rolling on the bed like that because he has a painful leg.,negatif,non
tweets,واعر تحسب دورات الوتة.,واعر تحسب دورات الوته.,éné tiddi limdé labbi di roue auto tournat,It is difficult to count the number of times the wheel of a car is turning.,neutre,non
tweets,واعر.,واعر.,éné tiddi,It is difficult.,negatif,non
tweets,گلب لباسو.,گلب لباسو.,o wakhliti bagui o,He turned the cloth inside out.,neutre,non
tweets,الا سَولتك، جاوب.,الا سولتك، جاوب.,"somi namdimi mone, one djabotto","If I ask you, you will answer.",neutre,non
tweets,حرّك الكرسي اللي طرحتو.,حرك الكرسي اللي طرحتو.,o abini chaise mo djodjinomi o,He moved the chair I placed.,negatif,non
tweets,مشا ما تلا ظهر.,مشا ما تلا ظهر.,o maddji é guitté amén,He has gone out of sight.,neutre,non
tweets,مشا ما تلا ظهر.,مشا ما تلا ظهر.,holko waddi thioutdone tigguou o hono ni yén,Why did you lift the baby that way?,negatif,non
tweets,حد مغدج ، تظهر عليه.,حد مغدج ، تظهر عليه.,néddo métoudo djidjam soudata haydara,An ill-tempered person doesn't hide anything.,negatif,non
tweets,وفاة الطفل تگيم المواجع.,وفاه الطفل تگيم المواجع.,maydé nguél do thioukolél ko moussiba maodo,That child's death is very tragic.,negatif,non
tweets,ذاك الطفل  الي جانا گبيل يبان ما هو صافي.,ذاك الطفل الي جانا گبيل يبان ما هو صافي.,o do thioukolél ari do handé té no wadirta ni o holnaki,That child who came here today behaves in a very fishy manner.,negatif,non
tweets,لواد الأعذار الا كذاب.,لواد الاعذار الا كذاب.,kalo niandé fof ko wadata ko pénow tan wonat,A person who makes up excuses is always a liar.,negatif,non
tweets,حد معگاز يعود بلا فايدة.,حد معگاز يعود بلا فايده.,"so towi kon ammbé , hay houndé one nafata","If you are lazy, you will become useless",negatif,non
tweets,فرططو عادت فراشة لفراشة.,فرططو عادت فراشه لفراشه.,nguilnguou nguou wonti papillon,A caterpillar has transformed into a butterfly.,positif,non
tweets,الشغلة ما صلحتلي بيا ما نجي كل نهار.,الشغله ما صلحتلي بيا ما نجي كل نهار.,mi perti o do liguey sabo mi aratani liguadé niandé fof,I lost this job because I was not coming to work every day.,negatif,non
tweets,عطيني گشيرة من الخبز كاني نوكل.,عطيني گشيره من الخبز كاني نوكل.,hokkam tadjiténdé mbourou mbété mi  waawa niamdé,Give me a piece of bread so that I can eat.,positif,non
tweets,بيا العجلة سمعت ال شي من ذاك الي گال.,بيا العجله سمعت ال شي من ذاك الي گال.,kami kégninodo té nanguoumé tan ko séda é ko hali ko,I rushed and just got a fraction of what he said.,negatif,non
tweets,ندورو نحكمو 5 تلفونات.,ندورو نحكمو 5 تلفونات.,mén aniiyi ko soddé téléfonoudji djoy,We plan to get five phones.,neutre,non
tweets,لاهي يعدل حاشيات الطريق بالبالة.,لاهي يعدل حاشيات الطريق بالباله.,mow rakh saradji lawol nguol é pelle,He will level the sides of the road with a shovel.,neutre,non
tweets,راني بريتك ما تيت تعدل شي خاسر.,راني بريتك ما تيت تعدل شي خاسر.,"mbédé rentina mone , holto ngonté wadé ko boni",I am warning you that you should not do evil anymore.,negatif,non
tweets,گعدنا نخرسو فالقرد بيه ذاك من الكبر.,گعدنا نخرسو فالقرد بيه ذاك من الكبر.,o do wandou hawi amén sabo omo boutidi no féwi,We were astonished by that monkey because it is very big.,positif,non
tweets,ازيانت اعندو الدار الي ف أغندرت.,ازيانت اعندو الدار الي ف اغندرت.,o hawa é gallédji mo yi di Aghnewdertt,He was impressed by the houses he saw at Aghnewdertt.,positif,non
tweets,مازلت متعجب بذاك لي گال.,مازلت متعجب بذاك لي گال.,ha djoni ko hali ko ko ko bétimi,I am still surprised by what he said.,neutre,non
tweets,بايا    تعصب بيا نسيت  الكتاب.,بايا تعصب بيا نسيت الكتاب.,babaam sékki sabo ko mi djédjinodo déftéréam,My father got angry because I forgot my book.,negatif,non
tweets,الأستاذ كان يدور يخبطني يغير هربت عنو بلعجلة.,الاستاذ كان يدور يخبطني يغير هربت عنو بلعجله.,"djanguinow o ko djidnodo fiddémé ,ndjawnimi dogmé",The teacher wanted to beat me and I ran quickly.,negatif,non
tweets,لا اعطني معاك أتاي يامس كاني نشربو.,لا اعطني معاك اتاي يامس كاني نشربو.,"tottam ataya kédinodo hanki o , mbété mi waawa yardé doum",Give me the remaining tea from yesterday so that I can drink.,positif,non
tweets,الطفل خلا شي من الحسا كان يشربو الدحميس.,الطفل خلا شي من الحسا كان يشربو الدحميس.,thioukolél nguel mofti soupe mbété o waawa gniamdé doum é kikiido,The child has kept some soup so that he can eat it in the afternoon.,positif,non
tweets,اوا رانا نروك ان شاء الله.,اوا رانا نروك ان شاء الله.,Ha do yésso sééda,See you again.,positif,non
tweets,جبيت من عوينة الباب او ظهر لي.,جبيت من عوينه الباب او ظهر لي.,mé wédima guittam é woudéré bafal ngual té mi yimo,I peeked through the keyhole and saw him.,negatif,non
tweets,خرست الطريق او ما ظهرلك؟,خرست الطريق او ما ظهرلك؟,o djilima é saradji lawol nguol té ha djoni one thiouwa yidémo ?,Have you looked along the road and still not seen him?,neutre,non
tweets,وسّعنا الطريگ كان الوتات تجبر منين تتخطى.,وسعنا الطريگ كان الوتات تجبر منين تتخطي.,mén djadjni lawol nguol mbété autodji di né mbawa mbénoudé no féwi,We have widened the road so that vehicles can drive on freely.,positif,non
tweets,الطفيل يبان عاقل.,الطفيل يبان عاقل.,nguéldo thioukolél omo neehi,This child is very wise.,positif,non
tweets,مشا يگبظ فضتو         او داك  گيم دايكة,مشا يگبظ فضتو او داك گيم دايكه,"o yéhi yilaadé khaliss moko , kono doum addi harré","He went to get his money, but it started a fight.",negatif,non
tweets,فاتمتّو تعرست بمحمّد سالم ف أطار.,فاتمتو تعرست بمحمد سالم ف اطار.,fatimetou réssondiriké mohamed salem to atar,Fatimetou got married to Mohamed Salem in Atar.,positif,non
tweets,گعد شي من لي باط؟,گعد شي من لي باط؟,pattoudji éne héddi?,Is there any leftover pasta?,neutre,non
tweets,ما زال ما ريناه، ذاك معناه مززال ما  جا.,ما زال ما ريناه، ذاك معناه مززال ما جا.,"mé thiouwatow yiddémo, wadé o arani","We haven't seen him yet, so he hasn’t come.",neutre,non
tweets,مازال يخدم ف تجكجه؟,مازال يخدم ف تجكجه؟,o ligguoto ha djoni ko Tidjikja ?,Is he still working at Tidjikja?,neutre,non
tweets,ياسر ما تلاو يتبعو التقاليد.,ياسر ما تلاو يتبعو التقاليد.,yimbé fof natti réwdé aadaji boydi,Not everyone still follows the old traditions.,neutre,non
tweets,بابو مازال مگفول.,بابو مازال مگفول.,bafal moko ha djoni ko ko oudi,His door is still closed.,neutre,non
tweets,خطبت ذيك الطفلة، و بعات.,خطبت ذيك الطفله، و بعات.,"mé wadi namdalam é odo souko débbo, té o djabbi","I proposed to that girl, and she accepted.",positif,non
tweets,سيداتّي و مختار دايگو ،عاد المختار يوحل سيداتي فالغيس.,سيداتي و مختار دايگو ،عاد المختار يوحل سيداتي فالغيس.,"Sidaty é Moukhtar kabiino, Moukhtar wadi é yésso nguo bakké","Sidaty and Moukhtar fought, and Moukhtar rubbed Sidaty thoroughly in the mud.",negatif,non
tweets,گلت عني لاهي نجبر شي نشربو او نوكلو .,گلت عني لاهي نجبر شي نشربو او نوكلو .,djotiri nomi ko mami tow ton ko niamaté wala ko yareté,I went expecting drinks or food.,positif,non
tweets,منتها موجوعة، او گاست لكيفة.,منتها موجوعه، او گاست لكيفه.,"mbiyikko débbo sélano ,wadé o yéhi to kiffa",Her daughter was ill so she went to Kiffa.,negatif,non
tweets,كنت نحانيك كانا نمشيو متافگين.,كنت نحانيك كانا نمشيو متافگين.,mbédé fadano ma mbété mbawén tone yaddoudé,I was waiting for you so that we could go together.,positif,non
tweets,البنان طايب حتا عاد لين.,البنان طايب حتا عاد لين.,"o do banana éne mbendi ha bourti , té o yaffi",This banana is too ripe and has become soft.,negatif,non
tweets,هاد لامتحان  ساهل,هاد لامتحان ساهل,test o né wébbi no féwi,This test is very easy.,positif,non
tweets,الزهرة موجوعة ؛يمكن لاهي يگبظها الراس.,الزهره موجوعه ؛يمكن لاهي يگبظها الراس.,"Zahra én fawngui séda ,waddé mow dagn mousso horé",Zahra is feeling sick; maybe she will have a headache.,negatif,non
tweets,خلاني امي ددي، لاهي نلود على شي نوكلو.,خلاني امي ددي، لاهي نلود علي شي نوكلو.,"mbédé heydi no féewi , mbédémi yaha niamdé houndé",I’m really hungry; I’ll go get something to eat.,negatif,non
tweets,جبيت على شي من الرجلي او عطاوني شي من الثوب.,جبيت علي شي من الرجلي او عطاوني شي من الثوب.,"mé diéwoyio néddo , o rokikam tadjitandé baggui",I visited someone and they gave me a piece of fabric.,positif,non
tweets,اللمة راهي زينة.,اللمه راهي زينه.,dental én modji,It’s good to be united.,positif,non
tweets,كنت ماني صايب، يغير منين  لحك عليا ،جبرني.,كنت ماني صايب، يغير منين لحك عليا ،جبرني.,"komi nanguounodo ,kono ndé o sokhlouno kam ndé , mi walimo","I was busy, but when he needed me, I helped him.",positif,non
tweets,كنت ماني على برجي، يغير منين تكلمت معايا اتصنتلها.,كنت ماني علي برجي، يغير منين تكلمت معايا اتصنتلها.,"komi thiéknodo ,kono ndéw haldéyam dé ,mi hédimomo","I was angry, but when she spoke to me, I listened.",positif,non
tweets,خطّك   ازيان عندي.,خطك ازيان عندي.,mbindol ma éné wélikam no féwi,I like your handwriting very much.,positif,non
tweets,احمد  ما سگا الماء لاهي يتمشكل فالدحميس.,احمد ما سگا الماء لاهي يتمشكل فالدحميس.,"ahmed yahani yiloyadé ndiyam ,ko kanko djoguori wadé ha dagnén thiadélé kikiidé","Ahmed did not fetch water, so it will cause him trouble in the evening.",negatif,non
tweets,دار على راسو شي.,دار علي راسو شي.,o fili é horé ndé baggui,He has wrapped his head with a cloth.,neutre,non
tweets,السحاب گبظت عيشتو او  رغنتها كاملها.,السحاب گبظت عيشتو او رغنتها كاملها.,"tobo nguo ko ko mbéti aichetou, léppinimo ha é djié",The rain has caught Aichatou and has soaked her so much.,negatif,non
tweets,الا  گبظوك البوليس،  الا اطر ح بالك  او ترافگ معاهم.,الا گبظوك البوليس، الا اطر ح بالك او ترافگ معاهم.,"so policierdji dartinimone, dédjié té nguopon bé nawamone tébé ndjidi fof","If policemen arrest you, calm down and let them take you where they want to.",neutre,non
tweets,من يوم احمدّو سبّني، ما تليت نسلم عليه.,من يوم احمدو سبني، ما تليت نسلم عليه.,"nguila nandé ndé ahmedou détinokam dé , mbéda hésita salmindémo","Since the day Ahmedou insulted me, I have always been reluctant to greet him.",negatif,non
tweets,گبط ورث بوه بعد وفاتو.,گبط ورث بوه بعد وفاتو.,o hébi ndonal tiagual maydé babamoko,He received the inheritance after his father died.,neutre,non
tweets,احمد حرك ايدو او تنفخت عليه,احمد حرك ايدو او تنفخت عليه,"ahmed ko thioumdo é ndioungo ,done é done boutti",Ahmed burned his hand and it swelled immediately.,negatif,non
tweets,لا عد فالجماعة شغلو زين، الرئيس لاهي يعطيه منصب.,لا عد فالجماعه شغلو زين، الرئيس لاهي يعطيه منصب.,so tawi néddo nehimma é der groupe o ma chef o resnoumo poste guoto,"If someone behaves well in the group, the leader will give him a position.",positif,non
tweets,زگات إلين ذاك ،ما جاو يلحگوها إلين عطبها الراجل,زگات الين ذاك ،ما جاو يلحگوها الين عطبها الراجل,"o wouli ,kono hadé walobé ardé ,tow guorko guagnimo","She cried out, but before help arrived, the man had already injured her. (",negatif,non
tweets,ياسر من الحشرات مرگت ذا العام.,ياسر من الحشرات مرگت ذا العام.,kowodji kéwdi djibinama ndédo hitandé,Many insects have hatched this year.,neutre,non
tweets,الكذاب منين ينكبض الناس لاهي تم تضحك فيه الين يحشم,الكذاب منين ينكبض الناس لاهي تم تضحك فيه الين يحشم,"so pénow nanguama éni féna, ma yimbé togn mo hawa herssa","If a liar is caught, people will mock him until he feels ashamed.",negatif,non
tweets,ما هو أي حد يسلم على الأستاذ باليد.,ما هو اي حد يسلم علي الاستاذ باليد.,yimbé fof mbawa salmindé djanguinow o éné tottamo djounguo,Not everyone can greet the teacher by shaking hands.,neutre,non
tweets,لا عاد ما يبغيني حتا ، ما كان لاهي يعطيني فضتو.,لا عاد ما يبغيني حتا ، ما كان لاهي يعطيني فضتو.,"omo yiddikam no féwi ,sino wonano doum o rokatanomi khaliss moko",He loves me very much otherwise he wouldn't have given me his money.,positif,non
tweets,الشا گامت تجري فالبر.,الشا گامت تجري فالبر.,mbéwa mba dogui é nder guéssé dé,The goat has run into the field.,neutre,non
tweets,فتح الكتاب او خلاه مشيع فالسحاب,فتح الكتاب او خلاه مشيع فالسحاب,"o ouditi déftére ndé ,té o opi doum é less tobbo",He has opened the book and left it in the rain.,negatif,non
tweets,كلام گلتولو كامل ،لحگو لارواگيج.,كلام گلتولو كامل ،لحگو لارواگيج.,o haltini yimbé wadbé kamén kaldouno ko mine é moko,He has disclosed the discussion I had with him to other people.,negatif,non
tweets,الأدوات منن هيا ؟,الادوات منن هيا ؟,holto kaké ndé nguoni ?,Where are the tools?,neutre,non
tweets,شرينا الكتب، وهي وغدت كتابها.,شرينا الكتب، وهي وغدت كتابها.,"mén thiodi défté ,té o madjini boussoudji moko",We bought books and she lost hers.,negatif,non
tweets,منين طرحت كتوبك؟,منين طرحت كتوبك؟,holto mbadone defté dé,Where have you kept his books?,neutre,non
tweets,هذو نعايل محمد سالم.,هذو نعايل محمد سالم.,holto paddé mohamed salem nguoni,These are Mohamed Salem's shoes.,neutre,non
tweets,الملاك لاهي يتوحش اللاعب ذ اسبوع,الملاك لاهي يتوحش اللاعب ذ اسبوع,malaika o ma wad yéwenddé e fijootooɗo oo e ndee wikde,the angel is going to miss the athlete this weekend,negatif,non
tweets,كيفت شي أن شاك لاهي ينتقل الى كليفلاند لاهي يلعب مع ليبرون  وهذا لاهي يعود محزن لجماهير فريق  suns   وصبرهم ماتل  طويل حتت  او لم يعد موجودا,كيفت شي ان شاك لاهي ينتقل الي كليفلاند لاهي يلعب مع ليبرون وهذا لاهي يعود محزن لجماهير فريق suns وصبرهم ماتل طويل حتت او لم يعد موجودا,Ɗum waɗtonii no Shaq coopiraa laataade Cleveland ngam fijde e LeBron... Sikkaama e fanniyankooɓe Suns. Cactus Mawɗo o alaa kadi.,It looks as though Shaq is getting traded to Cleveland to play w/ LeBron... Too bad for Suns' fans. The Big Cactus is no more,negatif,non
tweets,ما تليت كاد نصبر الى  التاسع من ابريل  الزمن مايحرك,ما تليت كاد نصبر الي التاسع من ابريل الزمن مايحرك,@clarianne Ñalnde 9 Abriil dartoraani tawa,@clarianne APRIL 9TH ISN'T COMING SOON ENOUGH,negatif,non
tweets,نشرب قهوة ماكدونالدز  ولا فهمت لماذا فد يؤذيني أحدهم من دون سبب,نشرب قهوه ماكدونالدز ولا فهمت لماذا فد يؤذيني احدهم من دون سبب,"Miɗo yara kafe McDonalds, miɗo faamaani sabu ko holi neɗɗo huɓɓata kam tawa alaa ko waɗi.",drinking a McDonalds coffee and not understanding why someone would hurt me for no apparent reason.,negatif,non
tweets,أشعر بخيبة أمل لأن تايلور سويفت  ماعندها حساب على  تويتر,اشعر بخيبه امل لان تايلور سويفت ماعندها حساب علي تويتر,Mido mettina jooni ko Taylor Swift alaa e Twitter,So dissapointed Taylor Swift doesnt have a Twitter,negatif,non
tweets,نبقي أيل كنت أفجولة الربيع أمع داون ونيسي آح ،تصبحو علخير,نبقي ايل كنت افجوله الربيع امع داون ونيسي اح ،تصبحو علخير,"Mido yiɗnoo wonde e oon fiyango ""Spring Fling Tour"" miin e Dawn e neecee. En njaaraama, jamma lobbo",Wishes I was on the Spring Fling Tour with Dawn &amp; neecee Sigh  G'knight,negatif,non
tweets,حاس بنازلة عادية ،والتركة وبوهم منكيفنهم مشاو شور الشقلة فسيدني فراحة نهاية أسبوع ،يواجعة,حاس بنازله عاديه ،والتركه وبوهم منكيفنهم مشاو شور الشقله فسيدني فراحه نهايه اسبوع ،يواجعه,"Mido sinede, sukaabe ina ngoodi, gorko am ne yahi gollirde mum Sydney ngam weekend oo, mido wulla","got a sniffle, got the kids and hubby just left to work in Sydney for the weekend, boo hoo",negatif,non
tweets,مامضيت أفسيدني يكون أثلتساعات ،يغير أتوحشت أصحابي ، وخاصة كاتجاد,مامضيت افسيدني يكون اثلتساعات ،يغير اتوحشت اصحابي ، وخاصه كاتجاد,"Ko waktuuji tati tan mbaɗ-mi jooni e Sydney, kono sehilaabe am ngari e reedu am, teeŋti e @ktjade!!!",i've only been in sydney for 3 hrs but I miss my friends  especially @ktjade!!!,negatif,non
tweets,أخبارات أكسبوكس ماتشتغل أملي ظرك,اخبارات اكسبوكس ماتشتغل املي ظرك,xboxtweet fuɗɗiima gollanaade mi kadi,xboxtweet not working again,negatif,non
tweets,بيباي لترويجات بوبيهات وخاصة بليبرون وكوبي,بيباي لترويجات بوبيهات وخاصه بليبرون وكوبي,Yo puppeteji pub lebron/kobe ɗi foofto e jam...,R.I.P to lebron/kobe puppet commercials...,negatif,non
tweets,الحساسية ماه زينة شيمن لوقات.فم كلب أسقير أزوين حت عندو ألا ست أشهر ينگالو سيدني أيتم ألا مع صاحبي وصاحبو فالبيت ولاأنگد أنمسو,الحساسيه ماه زينه شيمن لوقات.فم كلب اسقير ازوين حت عندو الا ست اشهر ينگالو سيدني ايتم الا مع صاحبي وصاحبو فالبيت ولاانگد انمسو,"Allergy ina metti sahaa e sahaa. Hono mbeewa beagle mbe danyatnoo lebbi 9 ina wiyee Sydney ina fiji e sehil am, mi waawaa ko meemde mum",Allergies sucks sometimes. Theres a super adorable 9 month old beagle named Sydney hanging out with my roomie and his friend. Can't pet.,negatif,non
tweets,عندو ايفون مدقدق,عندو ايفون مدقدق,iPhone am mbonniima,has a broken iphone,negatif,non
tweets,الرنگ أفماگدونلز كان أطويل حت ،ذاك هو ألي بي ما گديت نگبظ أمبسكيتي السجق,الرنگ افماگدونلز كان اطويل حت ،ذاك هو الي بي ما گديت نگبظ امبسكيتي السجق,"Doggol ngol to McDonalds ina juuti, foti mi heɓataa mburu sausage am",Line at McDonalds was too long so I can't get my sausage biscuit on,negatif,non
tweets,ظرك منتشر فيروس يسبب القي ء والحمه,ظرك منتشر فيروس يسبب القي ء والحمه,"@stephnewby mboros ina jilloo jooni: mboros ɓesngu, tuutanduru, e jontere tiiɗnde","@stephnewby there is a virus going around  congestion, throw up, &amp; high fever",negatif,non
tweets,جرحت ايبادي,جرحت ايبادي,Mido banni iPod am,I scratched my iPod,negatif,non
tweets,مافهمت... حگحگ مافهمت,مافهمت.. حگحگ مافهمت,Mi faamaani... Hakiika mi faamaani goonga,I don't understand... I really don't,negatif,non
tweets,هي أكتيرتن ملي ،نبقيه ،نبقي أنگيسه شور أبريزفيغاس مرةخره،يغير يواجعة فظتي ماتسمحلي بذاك,هي اكتيرتن ملي ،نبقيه ،نبقي انگيسه شور ابريزفيغاس مرهخره،يغير يواجعه فظتي ماتسمحلي بذاك,"@Rove1974 @Pink ko kaŋko kadi woni guurdo men! Mido yiɗi mo! Mido yiɗnoo yahde yiyde mo kadi to Brisvegas, kono kaalis am hewtaani ɗum",@Rove1974 @Pink is our hero too! Love her! Wanna go see her in Brisvegas again but sadly my bank balance wont let me,negatif,non
tweets,حگ عند مانبقي أنعود متحمس حت بي منشوري التالي,حگ عند مانبقي انعود متحمس حت بي منشوري التالي,Mido añi kadi no mido seymitoroo tweet am lannuɗo oo,I hate the fact that I'm genuinely excited about my last tweet,negatif,non
tweets,كانت ليلة ما فيها ارگاد,كانت ليله ما فيها ارگاد,Jamma oo fof ko jamma mo mi ɗanaaki,It was a sleepless night,negatif,non
tweets,اوه، هذا مگفول,اوه، هذا مگفول,"@d_castillo ugh, ɗum ina jilwina neɗɗo","@d_castillo ugh, that's disconcerting",negatif,non
tweets,منشوراتي اعلَ اتويتر ما تنتشر,منشوراتي اعل اتويتر ما تنتشر,Tweetuuji am njaahata,MY TWEETS ARENT GOING THROUGH,negatif,non
tweets,"‎439 من السعرات الحرارية؛ 28 اگبال امن الدهون؛ 41,5امن الكربوهيدرات.. باي باي","‎439 من السعرات الحراريه؛ 28 اگبال امن الدهون؛ 41,5امن الكربوهيدرات.. باي باي",@SeattleRealEst8 439 calories; 28 grams fat; 41.7 carbs... mbaɗ-en njaaraama e Mexi-Fry,@SeattleRealEst8 439 calories; 28 grams of fat; 41.7 carbs...  by by Mexi-Fry.,neutre,non
tweets,أوه ابدى، ان شاء الله ما تمرض أنا امّلّي!,اوه ابدي، ان شاء الله ما تمرض انا املي!,@lolitariot oh no hope you're not getting sick too!,@lolitariot oh no  hope you're not getting sick too!,negatif,non
tweets,آش؟ ما اوناديت؟,اش؟ ما اوناديت؟,@mykele ko hol ɗum? Mi jeyaa e ɓe ɓe noddi...,@mykele sayyyy whaaaa? I wasn't invited...,negatif,non
tweets,كانت گابظتني الحمة ابدرجة 102 طول الليل.,كانت گابظتني الحمه ابدرجه 102 طول الليل.,Mido danyi jontere tiiɗnde jamma oo fof,I have had a 102. Fever all night.,negatif,non
tweets,اوغد خاتمو. ما يراعَى فيه افأي ابلد,اوغد خاتمو. ما يراعي فيه افاي ابلد,Feddo makko majjiima. Wonaa e nokku mo njiyteten,has lost his ring. It's no-where to be seen,negatif,non
tweets,يا مولانا!! كافس فازو 3-1!!,يا مولانا!! كافس فازو 3-1!!,Oh my gooooooodness!!!! the cavs down 3-1!!,oh my gooooooodness!!!! the cavs down 3-1!!,negatif,non
tweets,اوجيع الراص، المتكة، او عندي شغلة الصبح امع اصباح او يوم املان,اوجيع الراص، المتكه، او عندي شغله الصبح امع اصباح او يوم املان,"Hoore am ina metti, mido leloo, subaka mido golloo, kadi ko jaawgol e golle ñalnde fof janngo","Headache, bed, work in the morning, then busy all day tomorrow.",negatif,non
tweets,"يواجعه, اوباما هو التالي.","يواجعه, اوباما هو التالي.","Ko kaymettinaari, Obama woni gadduɗo oo","Sadly, Obama is the later",negatif,non
tweets,شي اكيد عن فريق ليكرز لاهي يقلب و يتأهل للنهائيات,شي اكيد عن فريق ليكرز لاهي يقلب و يتاهل للنهائيات,Lakers ɓee ma njaɓ gorko kadi ma njaah to final,THE LAKERS ARE SO GOING TO WIN AND ADVANCE TO THE FINALS,positif,non
tweets,واوو استمتع,واوو استمتع,@lightinthesky wow. mbellit mbele!,@lightinthesky wow. enjoy!,positif,non
tweets,انا رسمت حمار وحشي صغير و معيدل ، شاك عن هو المفضل عندي الى ظرك,انا رسمت حمار وحشي صغير و معيدل ، شاك عن هو المفضل عندي الي ظرك,"Mido natti kibba zebra mbo woodi, mido sikki kanko woni mbo mbur-mi yiɗde jooni",i drew a cute baby zebra i think he is my favorite so far,positif,non
tweets,مشيت شور كالجاري مع شي من الشباب (عاد فرص على غاسبور يگعد في صندوق الوته)لتخراص فليمز ضد لوس أنجلوس كينغز . فاز كالجاري بنتيجة ٤-١ . ليلة زينة,مشيت شور كالجاري مع شي من الشباب (عاد فرص علي غاسبور يگعد في صندوق الوته)لتخراص فليمز ضد لوس انجلوس كينغز . فاز كالجاري بنتيجه ٤-١ . ليله زينه,Mido yahi Calgary miin e sukaabe ɓee (Gaspar foti ko jooɗade e boot oo) mbele mi yiyii Flames ina fiji e LA Kings. Calgary heɓi 4-1. Jamma lobbo,Went to Calgary with some of the lads (Gaspar had to sit in the boot  ) to watch the Flames versus LA Kings. Calgary won 4-1. Nice night.,positif,non
tweets,ههه انت تمشي شور كافاليرز.اورلاندو عندو كاملين,هه انت تمشي شور كافاليرز.اورلاندو عندو كاملين,@batistini21 (jalnii) a fotti e cavs. Orlando pooli ɓe hannde ndee,@batistini21 lols you go for the cavs. orlando owned them today,negatif,non
tweets,"ملاحظة: بردوه دورك تحاول بث برنامج ""كوغار تاون"" دوليا انا برازيلي يغير من اشد المعجبين","ملاحظه: بردوه دورك تحاول بث برنامج ""كوغار تاون"" دوليا انا برازيلي يغير من اشد المعجبين",@CCArquette ps. mbele a waawaa yiyde mbele Cougar Town ina yaari e winndere ndee fof!!! Ko mi braasiliyen kono mido yiɗi golle maa sanne!,@CCArquette ps. please try to see if you get Cougar Town to be broadcast internationally!!! im brazilian but such a great fan of yours!,positif,non
tweets,انا نبقي تايلور سويفت، بهلي ماهي معقولة و غناها زين و تخليني فرحانة حته,انا نبقي تايلور سويفت، بهلي ماهي معقوله و غناها زين و تخليني فرحانه حته,Mido yiɗi Taylor Swift sanne. O woodi golle kadi guwer makko ina weltina mi sanne,I L&lt;3VE Taylor Swift.She is just so amazing and her music is wonderfull and makes me so happy.,positif,non
tweets,اشبه جزء من اغنية نعدلها انا و مادي ، حسها زين ، و نحس عني محترف .بدي . ههه,اشبه جزء من اغنيه نعدلها انا و مادي ، حسها زين ، و نحس عني محترف .بدي . هه,"Mido fitta feccere e yimre nde miin e Maddy mbaɗata. Ina rewi no feewi. Mido sike mido gollata no feewi. Alaa, (jalnii)",Fine-tuning part of a song Maddy and I r making.  Sounding good. I feel pro. Not. Hahaha,neutre,non
tweets,جرات تورزيمو على PSP!FF13 على الحاسوب ! شنه شدور اكثر من ذلك ؟! جران توريدمو 5 على الحاسوب ، گد عود ؟,جرات تورزيمو علي PSP!FF13 علي الحاسوب ! شنه شدور اكثر من ذلك ؟! جران توريدمو 5 علي الحاسوب ، گد عود ؟,Gran Turismo e PSP! FF13 e PC! Hol ko mbur-mi landade kadi?! Mbele Gran Turismo 5 e PC kadi?,Gran Turismo on PSP! FF13 to be on PC! What more can I ask for?! Gran Turismo 5 on PC perhaps?,positif,non
tweets,اعطيني شي من الوقت و دور جي معاك شور لندن!هاها ، حظا سعيدا مع ذاك!,اعطيني شي من الوقت و دور جي معاك شور لندن!هاها ، حظا سعيدا مع ذاك!,@dornx hokka mi waktu mi yaha e maa to London! haha. yo Allah semmbin maa e ɗum!,@dornx give me time and ill come with you sa london! haha. good luck with that!,positif,non
tweets,"نسهر اعل بيولوجي ايل الرابعه امعصباح, واو!","نسهر اعل بيولوجي ايل الرابعه امعصباح, واو!","Mido jannga biology haa waktuuji 4 subaka, woo!",hanging out with biology til 4am woo  !,positif,non
tweets,صباح الخير يتوتا ؟ لوميا!,صباح الخير يتوتا ؟ لوميا!,"Subaka lobbo, e winndere ndee fof!","Happy Morning, la toat? lumea!",positif,non
tweets,نخرص برنامج اوبرا الي سجلت سابگ ذ ! كان عن تويتر اليوم!,نخرص برنامج اوبرا الي سجلت سابگ ذ ! كان عن تويتر اليوم!,Mido ndarra Oprah mbo mi nattatnoo kadi! Hannde ko e Twitter ngollata!,Watching Oprah that I had taped from earlier! It's was about Twitter today!,positif,non
tweets,كريسيت ميشيل جات ظرك على الآيبود . هي  رازنة حته .,كريسيت ميشيل جات ظرك علي الايبود . هي رازنه حته .,Chrisette Michelle fuɗɗiima e iPod am. Yimre makko ina deeyi sanne,Chrisette Michelle just came on the ipod . she's so mellow,positif,non
tweets,ليكرز! گايسين النهائيات !وي!,ليكرز! گايسين النهائيات !وي!,Lakers! En njaahi to final!! Weee!,Lakers! Going to the finals!! Weee!,positif,non
tweets,نگصص راسي و نرد مع خويه و نخرص آخر لخبار عن إيران و مباراة البيسبول. ياربي،نعشق تلفوني الآيفوون!,نگصص راسي و نرد مع خويه و نخرص اخر لخبار عن ايران و مباراه البيسبول. ياربي،نعشق تلفوني الايفوون!,"Mido laɓaa hoore am mido winndita miin e miñi am gorko, mido heɓa kabaruuji Iran e fijirde baseball ndee. Allah am, mido yiɗi iPhone am!","Getting my hair cut while texting with my brother and getting updates about Iran  &amp; the baseball game. God, I love my iPhone!",positif,non
tweets,دور منك عنك تخرص ذلي يخرص هو على تويتر. شي من المنظمات لمعيدلة حته,دور منك عنك تخرص ذلي يخرص هو علي تويتر. شي من المنظمات لمعيدله حته,@ILUVNKOTB o yiɗi a rewa e ɓe o rewi e Twitter. Feddeji lobbi sanne,@ILUVNKOTB he wants u to follow who he follows on twitter. some very nice organizations,positif,non
tweets,انت معيدل حته تحية كبييرة لك,انت معيدل حته تحيه كبييره لك,"@dmf71 a woodi sifaaji lobbi, mido salmina maa sanne!!!!!!!",@dmf71 rrrrrr you so very sweet a big hi to you!!!!!!!,positif,non
tweets,سياتل زينه حته . خظرة حته تذكرني بألمانيا,سياتل زينه حته . خظره حته تذكرني بالمانيا,"@scrambledeggos Seattle ina woodi sanne. No fof woni heso, ina miccintini mi leydi Allemagne",@scrambledeggos Seattle is very nice. So green it reminds me of Germany,positif,non
tweets,أغنية رائعة @Sharpatoulas: &quot;أفضل أغاني سياتل&quot; ♫ http://blip.fm/~7mki1,اغنيه رائعه @Sharpatoulas: &quot;افضل اغاني سياتل&quot; ♫ http://blip.fm/~7mki1,"Yimre lobbo @Sharpatoulas: ""seattle's best"" ♫ http://blip.fm/~7mki1",great song  @Sharpatoulas: &quot;seattle's best&quot; ♫ http://blip.fm/~7mki1,positif,non
tweets,تايلور سويفت انا شاك  عنك شبيبة حته لدرجة عنها تخلي گلبي يذوب في كل مرة شوف وجهك,تايلور سويفت انا شاك عنك شبيبه حته لدرجه عنها تخلي گلبي يذوب في كل مره شوف وجهك,"@taylorswift13 Taylor Swift, mido sikki a woodi sifa no feewi, kala nde mbernde am yiyi yeeso maa ina rewi",@taylorswift13 Taylor Swift I think you're so pretty it makes my heart melt everytime I see your face.,positif,non
tweets,ستاربكس و الصوت . بداية زينه للنهار,ستاربكس و الصوت . بدايه زينه للنهار,Starbucks e ɓesngu naange. Fuɗɗoode lobbo hannde,starbucks &amp; tanning. good start for today,positif,non
tweets,نحن سعيدين حته برجوعك شور ولاية تار هيل ، حتى لعدتي في بلد الشيطان لي سيگة,نحن سعيدين حته برجوعك شور ولايه تار هيل ، حتي لعدتي في بلد الشيطان لي سيگه,"@Oprah Mido mbeltoo no ngartu-ɗaa e Tarheel State, hay sinesu a woodi e leydi Blue Devil","@Oprah We are so happy to have you back in the Tarheel State, even if you are in Blue Devil country",positif,non
tweets,گريب حته ، لندن يا حبيبتي ! ملي الإمارات يوم الأحد! زين ! متحمسه حته…,گريب حته ، لندن يا حبيبتي ! ملي الامارات يوم الاحد! زين ! متحمسه حته..,"Heddani tiiɗde haa London, jooni jooni!!! kadi Emirates ñalnde alhad!!!! Eyyo!! Mi waawaa habbade...",Not long till LONDON BABY!!!  and then the EMIRATES ON SUNDAY!!!!  YEAH!! cant wait...,positif,non
tweets,رجعت من البرازيل سبوع الماضي ، و الجماعة كاملة لهيه لباس عليها . ايوه نحن هون بكل قوتنا نستعد لمجي ولدنا.,رجعت من البرازيل سبوع الماضي ، و الجماعه كامله لهيه لباس عليها . ايوه نحن هون بكل قوتنا نستعد لمجي ولدنا.,"Mido hooti gila Brazil yontere yawtunde, kadi fof ina e jam. Do en ngonni e golle mbele en ngaddata suka gorko men oo","I got back from Brazil last week, and everyone there is good. Here we are in full force preparing for the arrival of our boy",positif,non
tweets,انا لباس علِيَّ، ههه نحس عني واعية,انا لباس علي، هه نحس عني واعيه,"@MissSydneyJ Mido e jam, (jalnii)... Mido faami jooni","@MissSydneyJ Im good, lol... I feel awake",positif,non
tweets,عدلوها الليكرز هههه ذ هو لي مقلي علي لوس انجلوس,عدلوها الليكرز هه ذ هو لي مقلي علي لوس انجلوس,Lakers heɓi kadi... hahaah ko ɗum waɗi mido yiɗi LA,The Lakers got it..  hahaah this is why i love LA,positif,non
tweets,فاجأني بيرس اليوم بحوتين من كوي ! هو اشبه واحد ! انا ذكرت عن يجدد برتماهُ كامل؟ انا ممتنة حته بوجود في حياتي!,فاجاني بيرس اليوم بحوتين من كوي ! هو اشبه واحد ! انا ذكرت عن يجدد برتماه كامل؟ انا ممتنه حته بوجود في حياتي!,Pierce addani mi hannde liɗɗi koi ɗiɗi! Ko kanko woni mbur-ɗo! Mbe mi wiytata kanko ina banna suudu ndee fof? Mido yettata Allah no o woni e nguurndam am!,pierce surprised me w/ 2 koi fish today! he's the best!!!  did i mention he's remodeling the whole apt?i'm so grateful for him in my life!,positif,non
tweets,مزلت واعية نلعب كارت مع الطافيلات,مزلت واعيه نلعب كارت مع الطافيلات,Mi ummiima taon. Mido fiji cartes miin e sukaabe rewbe ɓee.,Still up. Playin cards with the girls.,neutre,non
tweets,"فوت نهار ماهو معقول مع ازين صحابي ! نخرص فيلم ""كبرياء و تحامل""، و نتناول طعام ماكدونالدز ، و نصور فيديوهات تظحك","فوت نهار ماهو معقول مع ازين صحابي ! نخرص فيلم ""كبرياء و تحامل""، و نتناول طعام ماكدونالدز ، و نصور فيديوهات تظحك","Mido danyi ñalngu lobbo miin e sehil am mbo mbur-mi yiɗde!! En ndarri ""Pride and Prejudice"", en ñaami McDonalds kadi en natti videoji jalniiɗi","I have a great fun day with my best friend!! Watch pride and prejudice, eat mcdonalds and taking funny videos",positif,non
tweets,هذا كان عرضي / مسلسلي المفضل محدي صغير!,هذا كان عرضي / مسلسلي المفضل محدي صغير!,@nicolerichie ɗum wonnoo show mbo mbur-mi yiɗde nde ngon-mi suka!,@nicolerichie that was my favorite show/series when i was little!,positif,non
tweets,اشبه فيك يا بيكا،تمونكي برگاد جيد.,اشبه فيك يا بيكا،تمونكي برگاد جيد.,"@beycah No woodi e maa Becca, yo Allah hokka maa ɗanngal lobbal.","@beycah Good for you Becca, have a good sleep.",positif,non
tweets,يا ليكرز! انا متحمس حته ظرك ، ياله كافاليرز يگفلوا لبيبان كاملين گدامهم لتحقيق اشبه نهائي إگد يصح,يا ليكرز! انا متحمس حته ظرك ، ياله كافاليرز يگفلوا لبيبان كاملين گدامهم لتحقيق اشبه نهائي اگد يصح,Eyyo Lakers!!!!!! Mido seymitoo sanne!!! Jooni cavs foti ko pooli magic mbele final oo ina woodi no feewi!!,Yeah Lakers!!!!!! I am so stinkin' excited!!! Now the cavs need to shut the magic out for the best finals possible!!,positif,non
tweets,وهاي يا ليكرز! صباح الخير!,وهاي يا ليكرز! صباح الخير!,@seodubai Njahee #Lakers njahee! Subaka lobbo!,@seodubai Go #Lakers go!  Good morning!,positif,non
tweets,لا تنساي ياعزيزتي ، لاهي تمي دايما فبالي و گلبي  ، ايوه  ؟  حبة كبيرة و مودة خاصة مني (البرازيل) !نبقيك!,لا تنساي ياعزيزتي ، لاهي تمي دايما فبالي و گلبي ، ايوه ؟ حبه كبيره و موده خاصه مني (البرازيل) !نبقيك!,"@nick_carter Wataa jiggito sehil am, a woodi e hakkille am e mbernde am kala sahaa, eyy? Mido bama maa, gila leydi Brazil! Mido yiɗi maa!","@nick_carter Don't forget my dear, you'll always be in my mind and my heart ok?  BIG kiss and special affection from me (Brazil)! I ? u!",positif,non
tweets,واو إعلان عن لعبة Halo جديدة من Bungie HALO: Reach - كانت هذي جفة  صحيحة ملي، ومن المقرر عن توخظ في سنة 2010 #xboxe3,واو اعلان عن لعبه Halo جديده من Bungie HALO: Reach - كانت هذي جفه صحيحه ملي، ومن المقرر عن توخظ في سنه 2010 #xboxe3,"Wow, kabaaru fijirde heso Halo gila Bungie HALO: Reach - kabaaru oo ko goonga kadi, ina rewi ngam hitaande 2010 #xboxe3","Wow Announcement of new Halo game from Bungie  HALO: Reach - this rumor was true too, scheduled for 2010 #xboxe3",positif,non
tweets,كانت حلقة اوبرا عاطفية لدرجة تمس من جانبك المستنثي اليوم ، بنا انك تبقيها سجلتلك الحلقة على جهاز ال DVR,كانت حلقه اوبرا عاطفيه لدرجه تمس من جانبك المستنثي اليوم ، بنا انك تبقيها سجلتلك الحلقه علي جهاز ال DVR,"@hotglassblower Oprah hannde ndee ma natti sifaaji maa rewbe, kadi gila a yiɗi mo sanne mi nattatnoo ɗum e DVR",@hotglassblower Oprah would have touched your feminine side today and since you luv her som much I even DVR'd it,positif,non
tweets,انا فرحان عنك قضيت و قت زين ، كنت نبقي نعدلك شي معيدل و عدلنا ذاك !شتعدل؟,انا فرحان عنك قضيت و قت زين ، كنت نبقي نعدلك شي معيدل و عدلنا ذاك !شتعدل؟,"Mido beltoo no a danyi waktu lobbo, mi yiɗnoo waɗde huunde lobbere wonannde maa kadi en mbaɗi ɗum! Hol ko mbadataa jooni?",im glad you had a good time  i wntd to do something nice for u and we did! what r u up to?,positif,non
tweets,ليكرز متگدم ب 13 نقطة في الشوط لَّول ! كيف شي لباس بيه!,ليكرز متگدم ب 13 نقطه في الشوط لول ! كيف شي لباس بيه!,Lakers ardiima e 13 points e feccere ndee! Ina rewi no feewi!!,Lakers up 13 at half ! Looking good !!,positif,non
tweets,هو لا كيف المدرسة تماما ، لا عن فم ياسر من التمارين و كل حد معيدل حته (طبيعي),هو لا كيف المدرسه تماما ، لا عن فم ياسر من التمارين و كل حد معيدل حته (طبيعي),"@alix_says, ko woti tan e jangirde kono golle suudu (homework) ina hewi kadi fof ina woodi sifaaji lobbi (sahaa fof)","@alix_says, it's just like school except there's even more homework and everyone's a lot nicer (normally)",neutre,non
tweets,كيف شي طريقة اللعب ماهي معقولة،كيف ماهو الحال دايما من Bungie!,كيف شي طريقه اللعب ماهي معقوله،كيف ماهو الحال دايما من Bungie!,"#xboxe3 No fijirde ndee nattirta ina woodi sanne, hono no Bungie mbaɗata sahaa fof!","#xboxe3 Gameplay looks awesome, just as always from Bungie!",positif,non
tweets,حادث تحطم  طايرة مرة خرى ، طايرة الخطوط الجوية الفرنسية ماشة من البرازيل شور باريس وقدت في نص المحيط الأطلسي,حادث تحطم طايره مره خري ، طايره الخطوط الجويه الفرنسيه ماشه من البرازيل شور باريس وقدت في نص المحيط الاطلسي,Cooper Air France ngo ummotoo Brazil rewi Paris majjiima e hakkunde maayo Atlantic,"One more air crash  , Air France aircraft from Brazil to Paris was lost in mid Atlantic",negatif,non
tweets,باي فيغاس ! مرحبة برحلة طويلة شور الوطن,باي فيغاس ! مرحبه برحله طويله شور الوطن,Njaaraama Vegas! Fuɗɗoode laawol juutngol ngol mhotto-mi suudu,Bye bye Vegas! Helloo long ass drive home,negatif,non
tweets,رسالة وصلتني ياربي، انا محتمس حته ! سدرايتي الخاصة ! ايوه ، نحرثها في جيرة ظرك و نسگيها لين تكبر؟,رساله وصلتني ياربي، انا محتمس حته ! سدرايتي الخاصه ! ايوه ، نحرثها في جيره ظرك و نسگيها لين تكبر؟,"@Shantymanfan mi heɓi package maa! Wow, mido seymitoo sanne! Ko huunde am tigi tigi! Mbele mido aawa ɗum e pot jooni, mido yarna ɗum haa ngo mawnat?","@Shantymanfan I got your package! Wow, I'm so excited! My very own one! So, do I plant it in a pot for now, and water it till it grows?",positif,non
tweets,عندنا بالوه جديدة املي !فريق جديد ثورة نيو إنجلاند ول الريفز ! تايلور تويلمان ، شكرا جزيلا,عندنا بالوه جديده املي !فريق جديد ثوره نيو انجلاند ول الريفز ! تايلور تويلمان ، شكرا جزيلا,"@EP31 en ngoodi soccer kadi~! New England Revolution, mbo nggiyeten kadi the Revs! TAYLOR TWELLMAN FTW","@EP31 we have soccer, too~! The New England Revolution, aka the Revs!  TAYLOR TWELLMAN FTW",positif,non
tweets,طافيلات  ال Lakers ياله يعدل رواية زينة فذ العرض ، يغير دور لا يخصرو ذ الزين اللي خالگ مع الاسف ، هوماتي خامرات,طافيلات ال Lakers ياله يعدل روايه زينه فذ العرض ، يغير دور لا يخصرو ذ الزين اللي خالگ مع الاسف ، هوماتي خامرات,"Sukaabe rewbe Lakers ɓee foti ko mbaɗa huunde lobbere e parade oo! Kono mido sikki ma mbonni sifa lobbo oo, hakiika ɓe ngonaa heen!!!",@Lakers girls better do something amazing atthis parade!Most likelythey will just ruin thebeauty thatis goinon  unfortunately they SUCK!!!,negatif,non
tweets,صفحاتك راهي تتحول شور شي مافيه شي ، معناها ماتفتح على شي,صفحاتك راهي تتحول شور شي مافيه شي ، معناها ماتفتح علي شي,@ObamaNews Hellooji maa ina njaari e nokku mo woodaani.,@ObamaNews Your pages are being redirected to nowhere.,negatif,non
tweets,اوووف جريت شور ماكدونالدز كنت ظمران حته ، ماعندي وقت اللوكيل .,اووف جريت شور ماكدونالدز كنت ظمران حته ، ماعندي وقت اللوكيل .,"Ugh, mido dogi yahi McDonalds.. mido weelaa sanne. Alaa waktu ñaamde",ugh ran to mcdonalds.. so hungry. no time to eat,negatif,non
tweets,عندي حساسية موسمية (hayfever) و ماني صايبة مع اني لا مگعد في الدار فرص,عندي حساسيه موسميه (hayfever) و ماني صايبه مع اني لا مگعد في الدار فرص,Mido danyi jontere hayfever kadi mi waawaa leloo e leydi. Mido añi ɗum.,has hayfever  and can't be arsed with being grounded. i hate it.,negatif,non
tweets,نبقي الحياة... ونبقيك املي.,نبقي الحياه.. ونبقيك املي.,Mido yiɗi nguurndam... kadi mido yiɗi maa,loving life... and loving you,positif,non
tweets,نسيت تلفوني فالدار . نحس عني متعري من دونها,نسيت تلفوني فالدار . نحس عني متعري من دونها,Mido jiggito iPhone am e suudu. Mido sike alaa ko mi ɓorni tawa alaa mo,I forgot my iphone at home. I feel naked without it,negatif,non
tweets,ماشي نرگد . گالة صحتي اليوم . حاس بالحمة,ماشي نرگد . گاله صحتي اليوم . حاس بالحمه,Mido yaha leloode. Mi sellani hannde ndee. Mido danyi jontere.,Going to bed. I am not feeling well today. Got a fever.,negatif,non
tweets,لا نشرب كافة متمني انها تعود ستاربوكس,لا نشرب كافه متمني انها تعود ستاربوكس,Mido yarata kafe mido yiɗnoo yo won Starbucks,I keep drinking coffee wishing it was Starbucks,negatif,non
tweets,هلكان و كاتلني الراس,هلكان و كاتلني الراس,Mido tampi kadi hoore am ina metti sanne,exhausted and I have a brutal headache,negatif,non
tweets,الاستاذ ايبود موجوع.,الاستاذ ايبود موجوع.,iPod am mbonniima,Mr. iPod is sick,negatif,non
tweets,اوكي، ذه كان امحالي حت.,اوكي، ذه كان امحالي حت.,"Hakiika, ɗum wonaa heen.","Well, that sucked.",negatif,non
tweets,ذه اسبوع ماهُ ماشي كيف ماكنت نبقي.,ذه اسبوع ماه ماشي كيف ماكنت نبقي.,Yontere ndee yahraani no mi yaakoroo,this week is not going as i had hoped,negatif,non
tweets,مستحفي خوي -- مافم حد يدور يمشي بيا شور ماكدونالدز,مستحفي خوي -- مافم حد يدور يمشي بيا شور ماكدونالدز,"Mido horta sehil am, alaa mo yiɗi naddude mi to McDonalds...",i'm bored dude ¬¬ nobody wants to take me to mcdonalds...,negatif,non
tweets,يااي جبرتهم,يااي جبرتهم,@arataka eyy! a tawi ɓe!!!,@arataka yay!  you found them!!!,positif,non
tweets,.GuiPulp مفتوح,.GuiPulp مفتوح,GuiPulp udditma,GuiPulp is open,neutre,non
tweets,اندور نتنگل شور لندن.,اندور نتنگل شور لندن.,Mido yiɗi yahde jooɗade London,I want to move to London,neutre,non
tweets,ابقيت ذه انهار.,ابقيت ذه انهار.,Mido yiɗnoo hannde ndee sanne,I loved today,positif,non
tweets,زين حت، انزاد كونتراهي لشهر ثاني.,زين حت، انزاد كونتراهي لشهر ثاني.,"No woodi, contract am ɓesdaama lewru kadi","Nice, my contract was extended for another month",positif,non
tweets,اغاني تايلور تعدلي نوع من السعادة عجيب مانعرف سببو ههه,اغاني تايلور تعدلي نوع من السعاده عجيب مانعرف سببو هه,"Yimre Taylor Swift ina weltina mi, mi waawaa faamde hol ko waɗi haha","taylor swift's songs make me happy, i don't know why haha",positif,non
tweets,عند ستاربوك ، مع العروس الجاية و ختها,عند ستاربوك ، مع العروس الجايه و ختها,Starbucks miin e debbo mbo jooni jooni resata e joomum debbo,starbucks with the soon-to-be bride and her sister,neutre,non
tweets,جيت لدار اگبال فالوقت اياك انشوف شيلسا لاتلي.,جيت لدار اگبال فالوقت اياك انشوف شيلسا لاتلي.,Mido hooti suudu e waktu lobbo ngam Chelsea Lately,Home just in time for Chelsea Lately,neutre,non
tweets,ماني متمونك و كرشي توجعني . ماشي لهي نتغدى و نخرص الأوبرا الثالثة - ذ هو لي لهي يحسن مزاجي,ماني متمونك و كرشي توجعني . ماشي لهي نتغدي و نخرص الاوبرا الثالثه - ذ هو لي لهي يحسن مزاجي,"Mido sellani, reedu am ina metti. Mido yaha ñaamde ñaamdu kadi ndarron-mi Oprah e waktuuji 3 - ɗum ma wallito mi mbele mido sella",Feeling bad   My stomach hurts. Going to have lunch and watch Oprah at 3 o'clock - that will make me feel better,negatif,non
tweets,الشغلة مرة أخرى ! لي اسبوع ما ريت يوم راحة... دحسوني ذو ستار بوكس,الشغله مره اخري ! لي اسبوع ما ريت يوم راحه.. دحسوني ذو ستار بوكس,Mido golla kadi hannde! Mi danyaani ñalngu fof gila yontere kadi...,Working AGAIN today!  I haven't had a day off in over a week...I'm so sick of starbucks,negatif,non
tweets,گايس فيگاس يقير يبقي ايگيس سياتل.,گايس فيگاس يقير يبقي ايگيس سياتل.,Mido yaha Vegas kono mido yiɗnoo yahde Seattle,Is going to Vegas but wanting to go to Seattle,negatif,non
tweets,علاش لا لين تجبر يوم راحة من الشغلة تمرض ؟,علاش لا لين تجبر يوم راحه من الشغله تمرض ؟,Hol ko waɗi kala nde a danyi waktu fooftorde e golle a nawat?,Why is that when you have time off from work you get sick?,neutre,non
tweets,ليبرون جيمس مالو ؟,ليبرون جيمس مالو ؟,Hol ko waɗi LeBron James?,what's wrong with LeBron James?,negatif,non
tweets,مشيگان من ؟ ذو ماعرفتهم .  اووف ياللعار,مشيگان من ؟ ذو ماعرفتهم . اووف ياللعار,Michigan ko hol ɓee? Mi anndaa ɓe. (mido horta) Ko huunde gattaymsettee!,Michigan who?  I don't know them.                   *sigh*   Shameful!,negatif,non
tweets,من دون تلفون ... ظرك حد يرگد,من دون تلفون .. ظرك حد يرگد,ALAA TELEPHONE... JOONI MIDO YAHA ƊANNGAL,IS PHONELESS  ...NOW OFF TOO SLEEP,negatif,non
tweets,صحابي على الفيسبوك طعنوهم تويتاتي,صحابي علي الفيسبوك طعنوهم تويتاتي,@hemanshujain - My facebook friends were pissed with my tweets,@hemanshujain - My facebook friends were pissed with my tweets,negatif,non
tweets,مانراعي فالمشكله لكبيره فذه الموقع.,مانراعي فالمشكله لكبيره فذه الموقع.,Mi yiyani hujjere mawnde e website oo,i don't see the big deal with this website,negatif,non
tweets,"فالدار اياك انوفي راحة ألاوه, يقير مافم حد فالدار.","فالدار اياك انوفي راحه الاوه, يقير مافم حد فالدار.",Mido suudu ngam spring break. Kono alaa neɗɗo e suudu ndee,home for spring break. no one is home tho,negatif,non
tweets,"آها آها, كيف شي حساسية الزهور عادت لاهي تهجم اعلين.","اها اها, كيف شي حساسيه الزهور عادت لاهي تهجم اعلين.","Oh oh, jontere hayfever fuɗɗiima kadi.","Oh oh, Hayfever attack coming on.",negatif,non
tweets,الحگ وقت اوخيظ ببيهت هوارد! بايْ بايْ ليبرون!,الحگ وقت اوخيظ ببيهت هوارد! باي باي ليبرون!,Waktu hewti ngam waddude puppet Howard! Njaaraama LeBron!,Time to break out Howard's puppet! Bye bye LeBron!,negatif,non
tweets,مريض بحمه مانعه.,مريض بحمه مانعه.,Mido leloo e jontere tiiɗnde,Down with a nasty fever,negatif,non
tweets,"ارجعت ظرك من المرصه, اشريت كرت مموار 8GB لجهاز psp, هي الحگ.","ارجعت ظرك من المرصه, اشريت كرت مموار 8GB لجهاز psp, هي الحگ.","Mido hooti gila jeere, mi soodi memory card 8GB ngam psp ndee, jooni jooni.","Just got back from market-market, bought the 8GB memory card for the psp, already.",negatif,non
tweets,امشارك ذي الصبحايه فسباق Beat the Bridge فسياتل! يالل ايعود الجو زين.,امشارك ذي الصبحايه فسباق Beat the Bridge فسياتل! يالل ايعود الجو زين.,"Mido waɗa doggol ""Beat the Bridge"" to Seattle subaka hannde! Ma woodat sifa sanne",Doing Beat the Bridge race in Seattle this morning! Should b beautiful,neutre,non
tweets,"كالي اشحال اصباحك, مرحب بهلي ففيگاس.","كالي اشحال اصباحك, مرحب بهلي ففيگاس.","Subaka lobbo Cali, mido salmina ɓesngu am to Vegas",Goodmorning cali  hi to my vegas family,positif,non
tweets,انخرص ففيديوهات ايظحك فيوتيوب.,انخرص ففيديوهات ايظحك فيوتيوب.,Mido ndarra videoji jalniiɗi e Youtube,watching funny youtube vidoes,positif,non
tweets,هاهاهاهاهاها ذ حگ عندكم اوه نگدو نحانو ميشيل لين تجي نعودو نمشو نگبظُ شي من ستار بوكس,هاهاهاهاهاها ذ حگ عندكم اوه نگدو نحانو ميشيل لين تجي نعودو نمشو نگبظ شي من ستار بوكس,"HAHAHAHAHAHA e goonga, en mbaawaa habbade haa Michelle arata ɗoo kadi en njaah bamen huunde to McDonalds walla Sonic, kala heen wooturu ina woodi",HAHAHAHAHAHA seriously uh well we can wait 4 michelle 2 get here and we can go get something from mcdonalds  or sonic  either 1 its good,positif,non
tweets,"للهام يتكون من 98% لعمال الشاقه, 1% شانص, 1% يوتيوب.","للهام يتكون من 98% لعمال الشاقه, 1% شانص, 1% يوتيوب.","Hakkille lobbo ko 98% golle tiiɗɗe, 1% arsike, kadi 1% Youtube.","inspiration is 98% hard work , 1% luck, and 1% youtube.",neutre,non
tweets,انگد انگيس لندن اسبوع الجايْ.,انگد انگيس لندن اسبوع الجاي.,Mbe mido yaha London yontere garande,May be going to London next week,positif,non
tweets,نبقي الصور كاملين الي اينعتُ اعلني شارب اعل فيسبوك.,نبقي الصور كاملين الي اينعت اعلني شارب اعل فيسبوك.,Mido yiɗi fotooji am fof ɗi mbad-mi e Facebook tawa mi yarndi,love all the drunk pics on facebook of me,positif,non
tweets,حاس بعلني ماني محبب. افقدت ولل طاحولي اثنين من تغريدات.,حاس بعلني ماني محبب. افقدت ولل طاحولي اثنين من تغريدات.,Mido sike alaa mo yiɗi mi. Sehilaabe rewbe ɗiɗo e Twitter njaahi,i feel unloved. dropped 2 tweeters,negatif,non
tweets,شكرا لمتابعيني اجداد,شكرا لمتابعيني اجداد,Mido yetta ɓe ngari e laawol am jooni ɓee!,Thanks to my new followers!,positif,non
tweets,ندور نرگد يغير غالبتني,ندور نرگد يغير غالبتني,Mido yiɗi kono mi waawaa ɗanaade,"l want, but I can't sleep",negatif,non
tweets,كلبي فيه السرطان,كلبي فيه السرطان,Boofi am ina danyi rafi cancer.,my dog has cancer.,negatif,non
tweets,الجماعة يالل تخرصو فريد على يوتيوب هو يوتيوبرنا المفضل,الجماعه يالل تخرصو فريد علي يوتيوب هو يوتيوبرنا المفضل,"Mbele foti ko ndarrat-en Fred e Youtube, kanko woni hoodere ndee mbe mbur-en yiɗde e Youtube",you guys should check out fred on youtube hes our favorite youtube star,positif,non
tweets,طراريمي وجعوني فحصة بيولوجي,طراريمي وجعوني فحصه بيولوجي,Mido e jangirde biology. Tondu am ina metti,in biology class. my lip hurts,negatif,non
tweets,شرجير ايفون اخسر,شرجير ايفون اخسر,Charger iPhone am mbonniima,iphone charger died,negatif,non
tweets,@hellivina انا ملي توحشتهم,@hellivina انا ملي توحشتهم,@hellivina Mido miccoo ɓe kadi.,@hellivina I miss 'em too.,negatif,non
tweets,فالمطار نجهز لاه نمشي عن فيغاس,فالمطار نجهز لاه نمشي عن فيغاس,Mido e airport mido banna mbele mi ummoo Vegas,In the airport getting ready to leave vegas,neutre,non
tweets,الحمة الا تنزاد,الحمه الا تنزاد,Jontere ndee ina fuɗɗo mawnude kadi,Fever is on the up and up,negatif,non
tweets,عندي مشكلة أمع إمتحان القانون,عندي مشكله امع امتحان القانون,Mido woni e golle tiiɗɗe e saria eam law,struggling with eam law,negatif,non
tweets,نبغي نسكن ف لندن,نبغي نسكن ف لندن,Mido yiɗi jooɗade London sanne sanne,I want to live in London so bad,positif,non
tweets,ثمانية من أثمانية إنجلترا لاه تنقلب,ثمانيه من اثمانيه انجلترا لاه تنقلب,8 e 10. Leydi Angleterre ina yahra e poolgu,8 from 8. England are heading for defeat,negatif,non
tweets,راسي يوجعني,راسي يوجعني,Hoore am ina metti,I have a headache,negatif,non
tweets,ان شاء الله اتعود مايكروسوفت صلحت xboxlive  و marketplace امعصبح ، البارح ماكان عندي حظ امعاهم … نختير نلعب samandmax,ان شاء الله اتعود مايكروسوفت صلحت xboxlive و marketplace امعصبح ، البارح ماكان عندي حظ امعاهم .. نختير نلعب samandmax,"Mido yaako Microsoft ina banni #xboxlive #marketplace subaka hannde, jamma yawtundo oo mi danyaani arsike e makko.. Mido yiɗi fijirde #samandmax",I hope Microsoft have fixed #xboxlive #marketplace this morning last night I was having 0 luck with it .. I want to play #samandmax,negatif,non
tweets,يواجعه ، وحده من ذوك اللحظات ماكانت بذاك من الحماس,يواجعه ، وحده من ذوك اللحظات ماكانت بذاك من الحماس,"@georgeruiz Ko kaymettinaari, wooturu e oon sahaa wonaa mbaroodi squid monster mawndi.",@georgeruiz Unfortunately one of those moments wasn't a giant squid monster.,negatif,non
tweets,@BleuMuze امشيت نلعب  فبلد الألعاب و خرصت فيلم نگر مدينة سايتل .. وگست مرصة بايك بليس ، يغير اجبرتو گافل,@BleuMuze امشيت نلعب فبلد الالعاب و خرصت فيلم نگر مدينه سايتل .. وگست مرصه بايك بليس ، يغير اجبرتو گافل,"@BleuMuze mi yahi gameworks e cinema e hakkunde wuro Seattle.. mi yahi haa jeere pike place market, kono ko huɗaama","@BleuMuze  Hit up gameworks and a movie in downtown Seattle.. went down to pike place market, but it was closed",negatif,non
tweets,اتوحشتك اتويتر ، تلفوني خسرت ، وظرك انعمل تلفون نوكيا عليله  ، اوووف ، اتوحشت تلفوني الزينه,اتوحشتك اتويتر ، تلفوني خسرت ، وظرك انعمل تلفون نوكيا عليله ، اووف ، اتوحشت تلفوني الزينه,"Mido miccoo maa Twitter. Telephone am mbonniima, jooni mido gollata e telephone Nokia mo woodaani sifa. Ughhh, mido miccoo telephone am mbo ardiima oo.","I miss you twitter. My phone broke, now I'm using a stupid Nokia phone. Ughhh, I miss my advance phone.",negatif,non
tweets,هههه گلتلك عن فريق cavs يستحق سلحگ النهائيات … يغير شكرا على السولان,هه گلتلك عن فريق cavs يستحق سلحگ النهائيات .. يغير شكرا علي السولان,@iLoveLyci (jalnii) mi wiytatnoo CAVS fotti ko wonde e final.. kono mido yetta maa e kala sifa,@iLoveLyci lol i said the CAVS deserve to be in the finals.. but thanks for banging on me anyways,positif,non
tweets,متكه اكبير زين يغير امكدر و وحيد من دون زوج ولا كلب ولا مش ، كافي افترت من لمجي للمؤتمرات,متكه اكبير زين يغير امكدر و وحيد من دون زوج ولا كلب ولا مش ، كافي افترت من لمجي للمؤتمرات,"Leloode mawnde ina woodi kono ina mettini kadi mi woodi miin tan tawa alaa gorko, boofi walla muusa. Mi lannii golle conference oo fof.","A king sized bed is nice but sad and lonely with no hubby, puppy, or kitty   I am over this whole conferenceing thing.",negatif,non
tweets,وهاي حي للدار بالعجلة !!!!! أنا مت بي الدحسة دون يوتيوب,وهاي حي للدار بالعجله !! انا مت بي الدحسه دون يوتيوب,@breannalovesjb yaaw hootde suudu!!!!! mido maaya tawa alaa Youtube,@breannalovesjb hurry up home!!!!! im dying with no youtube,negatif,non
tweets,هههه عندي لا جهاز psp كان عندي game boy يغير وغدو ول عمي و عندي ظرك لا N64,هه عندي لا جهاز psp كان عندي game boy يغير وغدو ول عمي و عندي ظرك لا N64,"@jordanhowell (jalnii) ko PSP tan, mi danynoo game boy kono sehil am gorko majjini ɗum &amp; kadi N64 ina woodi ɗoo","@jordanhowell lol only a PSP, had a game boy but my cousin lost it  &amp; theres a N64 around",negatif,non
tweets,اصباح الخير الجماعه ، ذا انهار زين هون في انيو إنجلاند,اصباح الخير الجماعه ، ذا انهار زين هون في انيو انجلاند,Subaka lobbo e winndere ndee fof! Ñalngu nguu ina woodi sanne ɗoo e New England!,Good morning everyone!  It is such a beautiful day here in New England!,positif,non
tweets,مرحب شباب ، تعرفو شخلگ ؟ فريق ليكرز انجح ، و كوبي هو أفضل لاعب ، ابغيت انگولكم ذي الطاريه هههه,مرحب شباب ، تعرفو شخلگ ؟ فريق ليكرز انجح ، و كوبي هو افضل لاعب ، ابغيت انگولكم ذي الطاريه هه,"Eyy, anndu hol ko waɗi @magicmanil, Lakers pooli kadi KOBE woni mvp, mi sike mido wiytata maa ɗum haha",hey guess was @magicmanil the Lakers won and KOBE is mvp  just thought I would tell ya haha,positif,non
ethno_realigne,بسمن حال يستقبل اهل انواكشوط عيد الاضحي.,بسمن حال يستقبل اهل انواكشوط عيد الاضحي.,No yimɓe Nuwaasoot mbaɗirta jaɓɓorgol Iidi Layhaaji.,How the people of Nouakchott welcome Eid al-Adha.,neutre,non
ethno_realigne,ما مردود في ذ ليام في انواكشوط يكون اخبار العيد.,ما مردود في ذ ليام في انواكشوط يكون اخبار العيد.,Ko yiilotoo e ñalɗi ɗii e Nuwaasoot ko haala Iidi ngoo.,What is going around these days in Nouakchott is the talk of the Eid.,neutre,non
ethno_realigne,في الاسرة مشدوده اخبار العيد، في الشارع مشدوده اخبار العيد، وفي لسواق ومحلات لحفول الناس.,في الاسره مشدوده اخبار العيد، في الشارع مشدوده اخبار العيد، وفي لسواق ومحلات لحفول الناس.,"E nder ɓesngu ko Iidi haaletee, e mbedda ko Iidi, kadi e luuɓe e salon-ji yimɓe ina pooɗondiri.","Within the family the talk is the Eid, in the street the talk is the Eid, and in the markets and the salons people are crowded together.",neutre,non
ethno_realigne,<<الا ويل امك يا الوران>>، ما باگي عنهم يكون <<ال ما عند مبيت ليل>> ولا اجبر وسيل اسو شنه إگد يجبر الفظة.,<<الا ويل امك يا الوران>>، ما باگي عنهم يكون <<ال ما عند مبيت ليل>> ولا اجبر وسيل اسو شنه اگد يجبر الفظه.,Ina foti; hay gooto heddaaki so wonaa mo alaa ɗo waaloo walla mo heɓataa hay laawol kaalis.,It is overwhelming; almost no one is left except someone who has nowhere to spend the night or who can find no means at all of getting money.,negatif,non
ethno_realigne,والغريب ان لمر تدخل صالوه اظفير واتخلص ٣٠٠٠ اوقية ويركبلها طون من ازغب.,والغريب ان لمر تدخل صالوه اظفير واتخلص ٣٠٠ اوقيه ويركبلها طون من ازغب.,"Ko haawnii ko debbo ina naata salon ñakka, ina yoɓa 3000 uguiyya, ina ɓillee leeɗe fewre.","What is strange is that a woman goes into a nail salon, pays 3,000 ouguiya, and has fake hair put on for her.",negatif,non
ethno_realigne,واتگيس صالوه الحن واتخلص ياسر من الفظة لياك تحن.,واتگيس صالوه الحن واتخلص ياسر من الفظه لياك تحن.,"Refti o yaha salon henne, o yoɓa kaalis keewɗo tan ngam wuɗɗagol henne.",Then she visits the henna salon and pays out a lot of money just to get henna done.,negatif,non
ethno_realigne,وتدخل صالوه الحلوة واتخلص ياسر اوخر وتشري ياسر من لملاحف.,وتدخل صالوه الحلوه واتخلص ياسر اوخر وتشري ياسر من لملاحف.,"O naata kadi salon cuɗaari, o yoɓa ko ɓuri heewde, o soodi mulahfaaji keewɗi.","And she enters the beauty salon and pays a great deal more, and buys many veils (mlahfa).",negatif,non
ethno_realigne,وهذا كامل اعلي احساب راجلها ولا غاديلها في ال يعگب ذاك.,وهذا كامل اعلي احساب راجلها ولا غاديلها في ال يعگب ذاك.,"Ɗum fof ko e kaalis gorko makko, hay sinno ɗum bonnata mo caggal.","And all of this is at her husband's expense, even if it ruins him afterward.",negatif,non
ethno_realigne,اخلگ حوار امبين راجل وامر، گال الها ذ ما إگد إصح من لخصار.,اخلگ حوار امبين راجل وامر، گال الها ذ ما اگد اصح من لخصار.,Luural ummii hakkunde gorko e debbo makko; o wii mo ɗum waawaa jokkude sabu nafaqa ndee.,A dispute arose between a man and his wife; he told her this could not be sustained because of the expense.,negatif,non
ethno_realigne,گالتل: (الا الحگت الناس عور اكصر في عينك)، وان اصحابات كاملات امعدلات ذ، وان الا وحد منهم.,گالتل: (الا الحگت الناس عور اكصر في عينك)، وان اصحابات كاملات امعدلات ذ، وان الا وحد منهم.,"O jaabii: 'So mi rewi e yimɓe, ɗum ina ustana maa gacce; sehilaaɓe am fof ina mbaɗa noon, miin ko mi gooto e maɓɓe.'","She replied: 'If I keep up with people, it lessens your shame, and all my friends are doing this, and I am just one of them.'",negatif,non
ethno_realigne,گال الها: لاه نعطيك الفظة، يغير بعد، الين ما اتراي شي توكليه عاگب العيد لا اتلومي يكون راصك.,گال الها: لاه نعطيك الفظه، يغير بعد، الين ما اتراي شي توكليه عاگب العيد لا اتلومي يكون راصك.,"O wii mo: 'Ma mi hokku maa kaalis, kono caggal so a heɓaani ko ñaamɗaa ɓaawo Iidi, felo hoore maa tan.'","He told her: 'I will give you the money, but later, when you have nothing to eat after the Eid, blame only yourself.'",negatif,non
ethno_realigne,<<ال بيه ايد ما توجع>>.,<<ال بيه ايد ما توجع>>.,"Ñaawoore: 'Junngo ngo wonaa maa, ngo muusataa ma.'",Proverb: 'The hand that is not yours does not hurt you (you don't feel another's loss).',neutre,non
ethno_realigne,هذ اجماع ال بنكالها كاصكاديرات.,هذ اجماع ال بنكالها كاصكاديرات.,Ko ndee fedde noddetee 'cascadeurs'.,This is the group that is called 'cascadeurs' (stunt kids).,neutre,non
ethno_realigne,كل انهار عاگب انهار تتبدل الحيات في انواكشوط ويطر شي اجديد.,كل انهار عاگب انهار تتبدل الحيات في انواكشوط ويطر شي اجديد.,"Ñalawma kala, nguurndam Nuwaasoot ina waylo, kadi huunde hesere ina feeɲa.","Day after day, life in Nouakchott changes and something new appears.",neutre,non
ethno_realigne,امن ال ل سنوات گام اطفل هون وعاد إعدل العاب زين بالدرجات، وشاع وعادت الناس كامل اتشد اخبار وتمشي تتنيمش في ذ ال إعدل.,امن ال ل سنوات گام اطفل هون وعاد اعدل العاب زين بالدرجات، وشاع وعادت الناس كامل اتشد اخبار وتمشي تتنيمش في ذ ال اعدل.,"Duuɓi ɓennuɗi, suka gooto fuɗɗii waɗde piyle lobbe e mbiisikileeji; ɗum saraa, fof fuɗɗii haalde ɗum e ndaarde ko o waɗata.","Years ago a child here began doing fine tricks on bicycles; it spread, and everyone started talking about it and going to watch what he was doing.",positif,non
ethno_realigne,اتلاو اولاد البطارين كاملين إحامروه وإحاول يحرك تحراك، وخلگت هذ اجماع ال ينگالها كاصكاديرات.,اتلاو اولاد البطارين كاملين احامروه واحاول يحرك تحراك، وخلگت هذ اجماع ال ينگالها كاصكاديرات.,"Sukaaɓe alɗuɓe fof fuɗɗii ɗoftaade mo e enndaade waɗde cascade, ko noon ndee fedde 'cascadeurs' jibinaa.","All the well-off boys started copying him and trying to do stunts, and so this group called 'cascadeurs' was born.",neutre,non
ethno_realigne,وهذ اجماع امبوشل برواحهم وبوتاتهم ولا قاديلهم شي الا ماشين كصار؛ كلهم يشري اهل وت زين وسابگ ويمشي بيها يتعلم تحراك كصكاديرات.,وهذ اجماع امبوشل برواحهم وبوتاتهم ولا قاديلهم شي الا ماشين كصار؛ كلهم يشري اهل وت زين وسابگ ويمشي بيها يتعلم تحراك كصكاديرات.,"Ndee fedde ko e koye mum en e motooji mum en woni, ɓe ngalaa miijo so wonaa waɗde piyle; gooto kala ina sooda moto moƴƴo yaawngo o yaha o jannga cascade.","This group is absorbed in themselves and their motorbikes, caring about nothing but doing tricks; each buys a good, fast bike and goes off to learn cascadeur stunts.",negatif,non
ethno_realigne,بالنسبة الهم حد حراك إتم إعدل <<دبار آمركا>>، ووف عداد السيارة وال الدراجة.,بالنسبه الهم حد حراك اتم اعدل <<دبار امركا>>، ووف عداد السياره وال الدراجه.,"E maɓɓe, kala piyoowo ina sikkita ina waɗa 'amerikiyaagal', ɓe mbaɗa pottal ngam ƴeewde yaawre oto walla moto.","For them, anyone doing a stunt acts like he is performing an 'American' move, and (they race) measuring the speed of car or motorbike.",neutre,non
ethno_realigne,وعندهم ايام يجابر فيهم اعلى حاشيت لبحر، إتم إطلع وتات ٥٠٤ اعلي الزيرات ويكتب رقم ٨ بالسيارة ورصف امتار بالدراجة.,وعندهم ايام يجابر فيهم اعلي حاشيت لبحر، اتم اطلع وتات ٥٠٤ اعلي الزيرات ويكتب رقم ٨ بالسياره ورصف امتار بالدراجه.,"Ñalɗi goɗɗi ɓe mooɓondira e dow maayo, ɓe ɗammba Peugeot 504 e dow seeno, ɓe winnda 8 e oto, ɓe rewna mbordi e moto.","On some days they gather on the seashore, ride a Peugeot 504 up over the dunes, draw a figure 8 with the car and line up meters with the motorbike.",neutre,non
ethno_realigne,ودائما إلين يدخل في الدشر إعدل حوادث، امتين بيهم ال ماهم متكايسين.,ودائما الين يدخل في الدشر اعدل حوادث، امتين بيهم ال ماهم متكايسين.,"Kadi sahaa fof, so ɓe naati e wuro, ɓe addata aksidaaji, sabu ɓe reentaaki.","And always, when they come into the town, they cause accidents, since they are not careful.",negatif,non
ethno_realigne,<<ال ما عس اعلى راص ما إر حد إعس اعليه>>.,<<ال ما عس اعلي راص ما ار حد اعس اعليه>>.,"Ñaawoore: 'Mo reenaani hoore mum, alaa mo reenanta mo ɗum.'",Proverb: 'Whoever does not look out for his own head finds no one to look out for it for him.',neutre,non
ethno_realigne,<<السالم اسمين يوكل اربيع داير>>.,<<السالم اسمين يوكل اربيع داير>>.,"Ñaawoore: 'Hisɗo o, ɓutto, ina ñaama huɗo banne fof.'","Proverb: 'The safe man, fat, eats grass all around (he is well off and at ease).'",positif,non
ethno_realigne,الخيمه وال العرس.,الخيمه وال العرس.,Tilliisa e kewu dewgal.,The tent and the wedding.,negatif,non
ethno_realigne,العرس عندنا هون في موريتان مسل مهمه حت، لان كل راجل اتفگرش يتحتم اعليه يتخيم.,العرس عندنا هون في موريتان مسل مهمه حت، لان كل راجل اتفگرش يتحتم اعليه يتخيم.,"E men ɗoo Muritani, dewgal ko huunde mawnde haa kala gorko miijiiɗo ɗum ina foti darnude tilliisa.",Among us here in Mauritania the wedding is so important that any man who thinks of it must set up a tent.,neutre,non
ethno_realigne,ويمشي إلود لعروس راضيت وال يگبظ منت عم، وإمشيلها خطبه إلين تگبل، إج اشيوخ ويعقدوها ويعطيهم آصداق.,ويمشي الود لعروس راضيت وال يگبظ منت عم، وامشيلها خطبه الين تگبل، اج اشيوخ ويعقدوها ويعطيهم اصداق.,"O yaha o ɗaɓɓa debbo jiɗɗo, walla o suɓoo ɓiy baaba-gorel, o ɓaɗtoo mo haa o jaɓa; refti mawɓe ngara ɓe ndewɗina ɓe, o yoɓa teŋe.","He goes to find a willing bride, or chooses a paternal cousin, and asks for her hand until she accepts; then the elders come, marry them, and he gives the dowry.",neutre,non
ethno_realigne,وإفوت اطبل آثلت اليال للعقد، وتبنتا للعرس.,وافوت اطبل اثلت اليال للعقد، وتبنتا للعرس.,"Refti jemmaaji tati fijirde ngam aadi ngal, tilliisa darnee ngam dewgal.","Then come three nights of drumming for the contract, and the tent is set up for the wedding.",negatif,non
ethno_realigne,خيمه مركب لفريك أسمها خيمت آرگ، وأتجيها الناس كاملها وأتجيب أمعاها قدواتها.,خيمه مركب لفريك اسمها خيمت ارگ، واتجيها الناس كاملها واتجيب امعاها قدواتها.,"Tilliisa darnaaɗo ngam wuro ngoo, ino wiyee 'tilliisa arg'; fof ina ara e mum, gooto kala ina adda geɗal ñaamri mum.","A tent set up for the camp, called the 'tent of arg'; everyone comes to it, each bringing their food contributions.",neutre,non
ethno_realigne,وتحفل لعروس حت وتلبس ملحفه من النيل، ويلبس لعريس حول من النيل، ويتغمبر عن ارواگيج لكبار مدت العرس.,وتحفل لعروس حت وتلبس ملحفه من النيل، ويلبس لعريس حول من النيل، ويتغمبر عن ارواگيج لكبار مدت العرس.,"Debbo o ina teddinee o ɓoorna mulahfa nila, gorko o ɓoorna wutte nila, o suuɗoo e mawɓe ɓee fawti e dewgal ngal.","The bride is celebrated and wears an indigo veil, the groom wears an indigo wrap and stays hidden from the elders for the duration of the wedding.",positif,non
ethno_realigne,وإلين يوف العرس اتگيس لمر أهلها، ويمشي الراجل شور أهل، وإتم يجابر آلا في اليل.,والين يوف العرس اتگيس لمر اهلها، ويمشي الراجل شور اهل، واتم يجابر الا في اليل.,"So dewgal ngal gasii, debbo o yaha yiilo ɓesngu mum, gorko o yaha to yimɓe mum, ɓe potonta tan ko jemma.","When the wedding ends the woman visits her family and the man goes to his own people, and they meet only at night.",neutre,non
ethno_realigne,إلين يجمع أهلها هي ارحيل، إمشوها شور خيمتها، واتعود مستقله أوحدها.,الين يجمع اهلها هي ارحيل، امشوها شور خيمتها، واتعود مستقله اوحدها.,"Haa ɓesngu mum mooɓa jawdi mum, ɓe eggina mo e tilliisa mum keeriiɗo, o wona jeyɗo hoore mum.","Until her family gathers her belongings, move her to her own tent, and she becomes independent on her own.",neutre,non
ethno_realigne,انهار لكبير: العيد.,انهار لكبير: العيد.,Ñalawma mawɗo: Iidi.,The great day: the Eid.,neutre,non
ethno_realigne,في يوم انهار لكبير يوم عيد الفطر، السبب في ذاك هو عودان الناس لاه اتوادع آرمضان.,في يوم انهار لكبير يوم عيد الفطر، السبب في ذاك هو عودان الناس لاه اتوادع ارمضان.,"Ñalnde mawnde ndee, Iidul-Fitri, sabaabu ko yimɓe ina cakkitoo Ramadwaana.","On the great day, Eid al-Fitr, the reason is that people are bidding farewell to Ramadan.",neutre,non
ethno_realigne,هاذ معناه ان اكثريت الحيي كانت صايم، ولاه تنفظ عنها غبرت الصوم وتشهر وتظهر في مظهر زين، وإظل مستراحين ومجابريين انهار فر.,هاذ معناه ان اكثريت الحيي كانت صايم، ولاه تنفظ عنها غبرت الصوم وتشهر وتظهر في مظهر زين، واظل مستراحين ومجابريين انهار فر.,"Ɗum firti ko ɓuri heewde e hoɗdiigu nguu ko hoorɓe; jooni ɓe itti mbullaari koorka, ɓe feeɲa e mbaadi lobbi, ɓe deeƴa ɓe mooɓondira ñalnde fitri.","This means most of the neighborhood had been fasting, and now they shake off the dust of the fast, show themselves in fine appearance, and stay relaxed and gathered on the day of breaking the fast.",neutre,non
ethno_realigne,عند امنين يصبح الصبح إگوم الرجال إمرگ فطراتهم وإگسموهم اعلى الفقراء والمساكين.,عند امنين يصبح الصبح اگوم الرجال امرگ فطراتهم واگسموهم اعلي الفقراء والمساكين.,"So weeti, worɓe ngumtoo, ɓe njaltina sakkaa fitri, ɓe peccana ɓilaaɓe e waasɓe.","At daybreak the men rise, bring out their alms of fast-breaking (fitra), and distribute them to the poor and needy.",neutre,non
ethno_realigne,ويلبس الباسهم وإگيس اصلاة العيد، إلين يرجع يذبح اعيادهم.,ويلبس الباسهم واگيس اصلاه العيد، الين يرجع يذبح اعيادهم.,"Refti ɓe ɓoorna comci mum en ɓe njaha juulde Iidi, caggal mum ɓe ngarta ɓe kirsa kulle Iidi mum en.","Then they put on their clothes and go to the Eid prayer, after which they return to slaughter their Eid animals.",neutre,non
ethno_realigne,لعليات الهم نوب يتحفل: يتحناو ويظفر، واتلالهم الا يلبس الباسهم.,لعليات الهم نوب يتحفل: يتحناو ويظفر، واتلالهم الا يلبس الباسهم.,"Rewɓe ɓee ina mari mbaadi mum en teddungal: ɓe ɓilo henne, ɓe njuɓɓa leeɗe mum en, heddii tan ko ɓe cuɗoo ɓe njaha njiilo ɓesngu mum en.","The women have their own way of celebrating: they apply henna, braid their hair, and have only to dress up and go visit their families.",neutre,non
ethno_realigne,ويمش إزور آهاليهم، هم والترك والرجال والشباب كلها يمش إزور اصحاب واقرباين، وال منهم إگيس المسرحيات وابليدات الطرب.,ويمش ازور اهاليهم، هم والترك والرجال والشباب كلها يمش ازور اصحاب واقرباين، وال منهم اگيس المسرحيات وابليدات الطرب.,"Kamɓe, sukaaɓe, worɓe e sukaaɓe fof ina njaha njiilo sehilaaɓe e musiɗɓe, woɗɓe njaha pijirɗe e nokkuuji gimi.","They, the children, the men and the young people all go to visit friends and relatives, and some go to plays and places of music.",neutre,non
ethno_realigne,شي من العادات ال تعدل في ارمضان.,شي من العادات ال تعدل في ارمضان.,Woɗɓe e aadaaji ɗi gollirtee e nder Ramadwaana.,Some of the customs practiced during Ramadan.,neutre,non
ethno_realigne,آرمضان متخالف امع الشهر لاخرين، وذ ال كان يعدل سابگ ما يعدل فيه.,ارمضان متخالف امع الشهر لاخرين، وذ ال كان يعدل سابگ ما يعدل فيه.,"Ramadwaana ina seerti e lebbi goɗɗi ɗii, ko waɗatnoo ado mum waɗetaake e mum.","Ramadan is different from the other months, and what used to be done before is not done in it.",neutre,non
ethno_realigne,الشباب ال كان إگيس آنساتهم في اليل ما اتلاو إگسوهم، اتل خالگ الا تخراص التلفزة ولذاعه ال اتوخظ في ارمضان برامج مهمه عند الناس كامل، شبان واكهول.,الشباب ال كان اگيس انساتهم في اليل ما اتلاو اگسوهم، اتل خالگ الا تخراص التلفزه ولذاعه ال اتوخظ في ارمضان برامج مهمه عند الناس كامل، شبان واكهول.,"Sukaaɓe ɓe njahatnoo yiilaade giɗɓe mum en jemma ngalaa kadi noon; heddii tan ko ndaarde tele e rajo, ɗi e nder Ramadwaana njaltinta porogaramaaji himmuɗi e fof, sukaaɓe e mawɓe.","The young men who used to visit their sweethearts at night no longer do so; instead there is only watching the television and radio, which during Ramadan air programs important to everyone, young and old.",positif,non
ethno_realigne,في أرمضان يعدل المدح ال هو شكر ارسول واصحاب.,في ارمضان يعدل المدح ال هو شكر ارسول واصحاب.,"E nder Ramadwaana ina waɗee madiihi, ko ɗum woni jaarnugol Annabi e wonduɓe e makko.","During Ramadan the praise-singing is performed, which is thanks to the Prophet and his companions.",neutre,non
ethno_realigne,ارمضان فيه ليل باخبارها ينگالها ليلت ٢٧ <<ليلة القدر>>، هاذ اليل اعظيم عند الموريتانيين وعاداتهم اعليها ياسرين.,ارمضان فيه ليل باخبارها ينگالها ليلت ٢٧ <<ليله القدر>>، هاذ اليل اعظيم عند الموريتانيين وعاداتهم اعليها ياسرين.,"Ramadwaana ina mari jemma lolluɗo, 27ɓo, Jemma Hattirde (Laylatul-Qadri), jemma teddinaaɗo no feewi e Muritaninaaɓe ɓe ngoodi aadaaji keewɗi e mum.","Ramadan has a famous night, the 27th, the Night of Decree (Laylat al-Qadr), a night greatly honored by Mauritanians who have many customs about it.",neutre,non
ethno_realigne,إگول ان آجنون في آرمضان ما إظر ارواگيج إلين ليلت سبع وعشرين ينطلس وإعود إظر.,اگول ان اجنون في ارمضان ما اظر ارواگيج الين ليلت سبع وعشرين ينطلس واعود اظر.,"Ina wiyee jinneeji e nder Ramadwaana ɓe mfeeɲantaa mawɓe haa jemma 27ɓo, nde ɓe ngaccitee ɓe feeɲa kadi.","It is said that the jinn during Ramadan do not appear to the elders until the 27th night, when they are released and reappear.",neutre,non
ethno_realigne,وكل ارگاج من يالت يحذر منهم يصگل دار وگتحان وإحجب وإسم وإبات يعبد إلين إعود الصبح.,وكل ارگاج من يالت يحذر منهم يصگل دار وگتحان واحجب واسم وابات يعبد الين اعود الصبح.,"Kala mawɗo huluɗo ɓe ina uddita galle mum e damal mum, o waɗa talkuuji, o jannga o waasa ɗaanaade e dewal haa weeta.","And every elder who fears them locks his house and door, makes amulets, recites and stays up worshipping until morning.",neutre,non
ethno_realigne,طلابت الصدگ في انواكشوط.,طلابت الصدگ في انواكشوط.,Ɗaɓɓugol sadak e Nuwaasoot.,Begging for alms in Nouakchott.,neutre,non
ethno_realigne,من الملاحظ كثرت طلابت الصدگ اعلى احواشي الطرگوات، وعند لبناك والمسدوات ولمرص، وفي لمبديات.,من الملاحظ كثرت طلابت الصدگ اعلي احواشي الطرگوات، وعند لبناك والمسدوات ولمرص، وفي لمبديات.,"Ina yiyee keewal yiɗɓe sadak e dakkere laabi, e bankaaji, e jumaaji e luumo, e nokkuuji yimɓe fof.","One notices the great number of beggars along the roadsides, by the banks, the mosques and the market, and in public places.",neutre,non
ethno_realigne,وهذ الناس تجبر فيهم كل انواع البشر: المعوزين والعلايل، والناس ال جاي باسم الدين.,وهذ الناس تجبر فيهم كل انواع البشر: المعوزين والعلايل، والناس ال جاي باسم الدين.,"E nder ɓee yimɓe, a tawat sifaaji fof: waasɓe, nawnaaɓe, e yimɓe ngarooɓe e innde diine.","Among these people you find all kinds: the destitute, the sick, and people who come in the name of religion.",neutre,non
ethno_realigne,وحدين منهم يجتمع شي ينگال النذر: وهو هدي اتنعط لشخص تعتقد الناس ان اَگرب الرب، مقابل الحصول اعلى مني يتمناه الشخص ال عاطي الهدي.,وحدين منهم يجتمع شي ينگال النذر: وهو هدي اتنعط لشخص تعتقد الناس ان اگرب الرب، مقابل الحصول اعلي مني يتمناه الشخص ال عاطي الهدي.,"Woɓɓe e maɓɓe ina mooɓa ko wiyetee 'nadhri': dokkal ngal hokketee neɗɗo mo yimɓe sikki ina ɓadii Alla, ngam heɓde ko jom-dokkal ngal yiɗi.","Some of them gather what is called a 'vow' (nadhr): a gift given to a person people believe is close to God, in exchange for obtaining a wish of the giver.",neutre,non
ethno_realigne,وفيهم الترك اسقار ال ينتهزوه فرص لياك يحصل اعلي الفظ.,وفيهم الترك اسقار ال ينتهزوه فرص لياك يحصل اعلي الفظ.,E maɓɓe ina woodi sukaaɓe tokosɓe ɓe njaɓtotoo fartaŋŋe ngam heɓde kaalis.,Among them are young children who seize the chance to get money.,neutre,non
ethno_realigne,وعلي كل حال الطلب مسل ما تنفع، ولا اگبلنا گاع ان المعوزين يطلب، الناس اصحاح ما من يالتهم يطلب.,وعلي كل حال الطلب مسل ما تنفع، ولا اگبلنا گاع ان المعوزين يطلب، الناس اصحاح ما من يالتهم يطلب.,"E kala sifa, ɗaɓɓugol addataa ko moƴƴi; hay so tawii waasɓe ina mbaawi ɗaɓɓude, yimɓe celluɓe foti ko ɓe wonaa e yiɗɓe sadak.","In any case begging brings nothing good; even granting that the destitute may beg, healthy people should not be among the beggars.",positif,non
ethno_realigne,إكول المثل: <<اعطيني ما اتخلي ال يبغيني>>.,اكول المثل: <<اعطيني ما اتخلي ال يبغيني>>.,"Ñaawoore: 'Hokku mi, kono wata ruttu mo yiɗi mi.'","Proverb: 'Give to me, but do not turn away the one who wants me.'",neutre,non
ethno_realigne,<<ال كان يكتل ما اتل إحشم>>.,<<ال كان يكتل ما اتل احشم>>.,"Ñaawoore: 'Mo yiɗi warde huunde, gacce nattii heɓde mo.'",Proverb: 'He who wants to kill (get) something is no longer ashamed.',neutre,non
ethno_realigne,التبذير في انواكشوط عند العيد.,التبذير في انواكشوط عند العيد.,Bonnugol jawdi e Nuwaasoot e sahaa Iidi.,Wastefulness in Nouakchott at Eid time.,negatif,non
ethno_realigne,التبذير مسل ما تنفع ونتايجها امحالي.,التبذير مسل ما تنفع ونتايجها امحالي.,"Bonnugol jawdi nafataa, battane mum ko bonɗe.",Wastefulness is of no benefit and its consequences are dire.,neutre,non
ethno_realigne,ومجتمعنا وخاصة في انواكشوط باد اعليه التبذير، برجالت واعليات، فقراء واغنياء.,ومجتمعنا وخاصه في انواكشوط باد اعليه التبذير، برجالت واعليات، فقراء واغنياء.,"Renndo amen, teeŋti e Nuwaasoot, ko bonnugol jawdi heɓi, e worɓe e rewɓe, alɗuɓe e waasɓe.","Our society, especially in Nouakchott, is consumed by wastefulness, among men and women, rich and poor.",neutre,non
ethno_realigne,وإتم الا شي معقول إلين إج العيد، يخلگ من شي ما اتوصفولك ماه عينك، ويساو فيه <<لعم والفرطاص>>، وال عند ل شي وال ما عند ل شي.,واتم الا شي معقول الين اج العيد، يخلگ من شي ما اتوصفولك ماه عينك، ويساو فيه <<لعم والفرطاص>>، وال عند ل شي وال ما عند ل شي.,"Ina jokka e haqqille haa Iidi ara, refti huunde nde sifotaako waɗa, nde alɗuɗo e waasɗo, jom-jawdi e mo alaa, potindirtee.","It stays reasonable until Eid comes, then something indescribable happens, in which the rich and the destitute, those who have and those who have not, are made equal.",neutre,non
ethno_realigne,الفقير ال ما إشتغل ولا عند المال، لام إهم ان إعدل لاهل كل شي إگد إصح.,الفقير ال ما اشتغل ولا عند المال، لام اهم ان اعدل لاهل كل شي اگد اصح.,"Baasɗo o mo alaa golle mo alaa kaalis, hino himmiri hokkude ɓesngu mum kala ko o waawi.",The poor man who has no work and no money still cares about giving his family everything he possibly can.,negatif,non
ethno_realigne,العامل البسيط ال منيفر وال ابلانتوه ويخلص اربع تلاف وال خمس، إگظ اعلى المرص وإحاول يشري ازين نوع من الباس لاولاد واعيال.,العامل البسيط ال منيفر وال ابلانتوه ويخلص اربع تلاف وال خمس، اگظ اعلي المرص واحاول يشري ازين نوع من الباس لاولاد واعيال.,"Liggotooɗo o, golloowo junngo o heɓoowo ujunere nayi walla njoyi, ina wirsa ɗum e luumo ngam soodde comci ɓuri lobbude wonande sukaaɓe mum e ɓesngu mum.","The simple laborer, the manual worker who earns four or five thousand, spends it at the market trying to buy the finest clothes for his children and family.",neutre,non
ethno_realigne,والعامل لكبير ال اخلاص ياسر يمشي بيه شور المرص ويصرف كامل في انهار واحد، ولا إفكر في مستقبل.,والعامل لكبير ال اخلاص ياسر يمشي بيه شور المرص ويصرف كامل في انهار واحد، ولا افكر في مستقبل.,"Heɓoowo keewɗo o, mo yoɓetee ko ɓuri, yaha luumo o wirsa fof e ñalawma gooto, o miijaaki janngo.",And the high earner who is paid a lot goes to the market and spends it all in a single day without thinking of the future.,neutre,non
ethno_realigne,ولغنياء إبذر هم امل، يغير عندهم فيها الحق بيهم ال عندهم امناش، ما هم كيفت ذ لخرين ال الا لحمار.,ولغنياء ابذر هم امل، يغير عندهم فيها الحق بيهم ال عندهم امناش، ما هم كيفت ذ لخرين ال الا لحمار.,"Alɗuɓe ɓee kadi ina mbonna noon, kono kamɓe ina ɓuri jeyde ɗum, sabu ɓe ngoodi doole, ɓe nanaa wano woɗɓe ɓe ngoodi tan mbabba.","The rich squander likewise, except they have more right to it, since they have the means and are not like the others who own only a donkey.",neutre,non
ethno_realigne,وانساو المثل ال إكول: <<أل لم شي يفصل فيه>>.,وانساو المثل ال اكول: <<ال لم شي يفصل فيه>>.,"Ɓe njejjita ñaawoore nde wiyi: 'Jeyɗo huunde, ko kanko feccata ɗum.'",And they forget the proverb that says: 'Whoever owns something has discretion over it.',negatif,non
ethno_realigne,مندر يكان لمر هي ال اتبذر وال الراجل.,مندر يكان لمر هي ال اتبذر وال الراجل.,Ina tiiɗi anndude so ko debbo bonnata jawdi walla ko gorko.,It is hard to tell whether it is the woman who wastes or the man.,negatif,non
ethno_realigne,الرجال دائما إلوم لعليات وإگولونهم الا هم ال إخصر الفظ عند لعياد والمناسبات، بيهن لمر لابدالها من املاحف زينات تلبسهم.,الرجال دائما الوم لعليات واگولونهم الا هم ال اخصر الفظ عند لعياد والمناسبات، بيهن لمر لابدالها من املاحف زينات تلبسهم.,"Worɓe ɓee ina ñiŋa rewɓe sahaa fof, ɓe mbiya ko kamɓe bonnata kaalis e Iidaaji e kewuuji, sabu debbo ina foti heɓde mulahfaaji lobbi ɓoornoo.","The men always blame the women, saying it is they who waste money at Eids and occasions, since a woman must have beautiful veils to wear.",negatif,non
ethno_realigne,وياسر من آلات لحفول والبدلات ولرساق من اذهب وگيسان صالوهات الحن، وتختير اتعدل شي ما عدلوه اصحباتها لياك تتفخر اعليهم بيه.,وياسر من الات لحفول والبدلات ولرساق من اذهب وگيسان صالوهات الحن، وتختير اتعدل شي ما عدلوه اصحباتها لياك تتفخر اعليهم بيه.,"E geɗe kewu keewɗe, comci, kaŋŋe, e yiilagol salon-ji henne; o haɓɓitoo waɗde ko sehilaaɓe mum waɗaani, ngam ɓurde ɓe.","And lots of party things, outfits, gold jewelry and visits to henna salons, and she insists on doing what her friends have not, to outshine them.",negatif,non
ethno_realigne,وهذا هو ال عدل الرجال دائما امعدلين ان لعليات الا هم ال إبذر الفظ.,وهذا هو ال عدل الرجال دائما امعدلين ان لعليات الا هم ال ابذر الفظ.,Ko ɗum waɗi worɓe ina njokka wiyde ko rewɓe bonnata kaalis.,That is why the men keep maintaining that it is the women who waste the money.,negatif,non
ethno_realigne,لعليات هم لخرين امواسيات ان الرجال أخصر منهم، بيهم ال لابدالهم من ادراريع الزينات ال صوگ وحد منهم يشري عشر املاحف، وتات اتويوتا ونيسان ال لابدالهم من الملايين.,لعليات هم لخرين امواسيات ان الرجال اخصر منهم، بيهم ال لابدالهم من ادراريع الزينات ال صوگ وحد منهم يشري عشر املاحف، وتات اتويوتا ونيسان ال لابدالهم من الملايين.,"Rewɓe ɓee kadi ina njokki wiyde worɓe ina ɓuri ɓe bonnude, sabu wutte gorko ina fota e mulahfaaji sappo, kadi Toyota e Nissan ɗi ɓe sokli ina njettoo miliyoŋaaji.","The women likewise insist that the men waste more than they do, since a man's robe can cost as much as ten veils, and the Toyotas and Nissans they need run into the millions.",negatif,non
ethno_realigne,وعاد الا كلهم إشگر على لوخر التبذير وهو ابذر من، وانساو المثل: <<ال شگر شي إدير شي افبل>>.,وعاد الا كلهم اشگر علي لوخر التبذير وهو ابذر من، وانساو المثل: <<ال شگر شي ادير شي افبل>>.,"Gooto kala ina tuumna goɗɗo o bonnugol jawdi hara kanko ina ɓuri bonnude, ɓe njejjita ñaawoore: 'Mo ñiŋi huunde, ko ɗum waɗata.'","So each accuses the other of wastefulness while wasting more, forgetting the proverb: 'He who blames a thing does the very same thing.'",negatif,non
ethno_realigne,انواكشوط: سكان ومساكن.,انواكشوط: سكان ومساكن.,Nuwaasoot: yimɓe e koɗorɗe.,Nouakchott: people and housing.,neutre,non
ethno_realigne,من الل سنين وخاصة من السبعينات گلت اسحاب وجدبت الارض وگل اربيع ولحشيش، ومات اصدر والحيوانات.,من الل سنين وخاصه من السبعينات گلت اسحاب وجدبت الارض وگل اربيع ولحشيش، ومات اصدر والحيوانات.,"Gila duuɓi, teeŋti gila 1970, toɓo ustii, leydi yoorii, durgol e huɗo ɗuytii, leɗɗe e kulle maayi.","For years, especially since the 1970s, the rains grew scarce, the land dried up, pasture and grass dwindled, and trees and animals died.",negatif,non
ethno_realigne,عادت الناس فرظ اعليها تمشي من الباديه ال كانت ساكن فيها شور اتشور يكانها اتگد اتعيش.,عادت الناس فرظ اعليها تمشي من الباديه ال كانت ساكن فيها شور اتشور يكانها اتگد اتعيش.,"Yimɓe ɓee karñinaa ɗalde ladde nde ɓe nguurnoo, ɓe ngara to nokkuuji ɗo ɓe mbaawata wuurde.",People were forced to leave the countryside where they lived and head toward places where they could survive.,negatif,non
ethno_realigne,دفعت الناس كامل شور انواكشوط واصبح انواكشوط الا جماع انگار؛ فيه الناس كامل بكل انواعها؛ اهل البادية، اهل اتشور والحراثة.,دفعت الناس كامل شور انواكشوط واصبح انواكشوط الا جماع انگار؛ فيه الناس كامل بكل انواعها؛ اهل الباديه، اهل اتشور والحراثه.,"Fof ɗuññaa to Nuwaasoot, o wonti tan mooɓondiral koɗɗo; ina mari sifaaji yimɓe fof: egginooɓe, aynaaɓe e remooɓe.","Everyone was pushed toward Nouakchott, and it became a mere gathering of strangers, containing all kinds of people: nomads, herders and farmers.",neutre,non
ethno_realigne,كل حد من الناس جات كان لابدال من مسكن، واتشاش من اتراب؛ وهاذ هو سبب وجود الكبات والگزرات اعلى احواشي الدشر.,كل حد من الناس جات كان لابدال من مسكن، واتشاش من اتراب؛ وهاذ هو سبب وجود الكبات والگزرات اعلي احواشي الدشر.,"Kala arɗo ina sokli ɗo hoɗata, o mahi suudu mbulndi; ko ɗum addani kebbaaji e gzaraaji feeɲde e seraaji wuro ngoo.","Each newcomer needed somewhere to live and built a shack of dirt, and this is why shantytowns and slums sprang up around the edges of the city.",negatif,non
ethno_realigne,الكبة عبارة عن الكثير من المساكن المبني من اجلف ومتگارب، ولاه مخط.,الكبه عباره عن الكثير من المساكن المبني من اجلف ومتگارب، ولاه مخط.,"Kebba' ko mooɓondiral koɗorɗe mahaaɗe e gaaƴe tamarooje, ɓadondirɗe te njuɓɓinaaka.","A 'kebba' is a cluster of dwellings built of palm fronds, close together and unplanned.",neutre,non
ethno_realigne,والگزر عادة الا من لمبارات المترا كبة والبرگة واديار، تجبر لخيام في ادبار الزينات وفي لمبارات والساحات.,والگزر عاده الا من لمبارات المترا كبه والبرگه واديار، تجبر لخيام في ادبار الزينات وفي لمبارات والساحات.,"Gzar' ko ɗuɗɗam mahaaɗam e bakkere e birik e cuuɗi; a tawat tilliisaaji e galleeji lobbi, e samanɗe e nokkuuji yaajɗi.","A 'gzar' is usually made of stacked-up earthen buildings, brick and houses; you find tents in the fine courtyards, the lots and the open spaces.",neutre,non
ethno_realigne,وتجبر الحيوانات عند اهل القصر واهل المترا كبة والبركة وادبيار.,وتجبر الحيوانات عند اهل القصر واهل المترا كبه والبركه وادبيار.,"A tawat kadi kulle to yimɓe gzar, cuuɗi birik e galleeji ɗii.","And you find livestock kept by the people of the slums, the brick houses and the courtyards.",neutre,non
ethno_realigne,لعليات في انواكشوط والعمل الخاص.,لعليات في انواكشوط والعمل الخاص.,Rewɓe e Nuwaasoot e golle keeriiɗe.,Women in Nouakchott and self-employment.,neutre,non
ethno_realigne,امن الثمانيات اعلى إلاه اطرات عقليات اجديد في المجتمع الموريتاني، وخاصة في لعليات آل كان ما يشتغل.,امن الثمانيات اعلي الاه اطرات عقليات اجديد في المجتمع الموريتاني، وخاصه في لعليات ال كان ما يشتغل.,"Gila 1980, miijooji kesi peeɲii e renndo Muritani, teeŋti e rewɓe ɓe ngollatnoo ko adii.","From the 1980s onward, new mindsets emerged in Mauritanian society, especially among women, who previously did not work.",neutre,non
ethno_realigne,ومهمتهم الوحيد هي لگعاد في اديار، وعمل المنزل، وشد لخبار، واسواق.,ومهمتهم الوحيد هي لگعاد في اديار، وعمل المنزل، وشد لخبار، واسواق.,"Golle maɓɓe tan ɗe ngonnoo ko jooɗaade e galle, gollaade golle suudu, yeewtude e yahde luumooji.","Their only role had been to stay home, do housework, chat and go to the markets.",neutre,non
ethno_realigne,إلين اطرات هذ العقليات اجديد وخلگت السياسة لحزاب والانتخابات، عرف لعليات انهم من واجبهم إشارك في بناي الدولة والمجتمع وإگوم بدورهم.,الين اطرات هذ العقليات اجديد وخلگت السياسه لحزاب والانتخابات، عرف لعليات انهم من واجبهم اشارك في بناي الدوله والمجتمع واگوم بدورهم.,"Nde ɗii miijooji kesi peeɲi e politigi leɓɓi e woote ɓilti, rewɓe paami ko ɗum woni waɗɗii ɓe: jeyeede e mahde leydi e renndo e huutoraade geɗal mum en.","When these new mindsets appeared and party politics and elections arose, women realized it was their duty to take part in building the state and society and to play their role.",positif,non
ethno_realigne,عاد إگوم من لگعاد ويشتغل، وعدت اتشوف لمر تعمل امع الرجال في بيروهات، واتشارك في لنتخابات، وتلعب دور اكبير في توعيت المجتمع، واترقات لمر.,عاد اگوم من لگعاد ويشتغل، وعدت اتشوف لمر تعمل امع الرجال في بيروهات، واتشارك في لنتخابات، وتلعب دور اكبير في توعيت المجتمع، واترقات لمر.,"Ɓe ummii e weddaade ɓe njahi golle; jooni a yiyat rewɓe ina ngolla e worɓe e biiro-ji, ina njeyaa e woote, ina ngolla ko mawni e finndinde renndo, rewɓe ɓamtii.","So they rose from idleness and went to work; you now see women working alongside men in offices, taking part in elections, and playing a major role in raising society's awareness, and women advanced.",positif,non
ethno_realigne,وعاد لعليات عندهم التعاونيات والمؤسسات، ويشتغل في كل الميادين، ولا اتلاو تاكلين اعلي الرجال.,وعاد لعليات عندهم التعاونيات والمؤسسات، ويشتغل في كل الميادين، ولا اتلاو تاكلين اعلي الرجال.,"Jooni rewɓe ina mari koppraatiiwaaji e duɗe, ina ngolla e banɗe fof, ɓe ngalaa kadi tiiɗnaare e worɓe.","Now women have cooperatives and institutions and work in every field, and are no longer dependent on men.",positif,non
ethno_realigne,بيهم ال: <<لجرب ما إحكل ماه كف>> و<<ال ماه في كرشك لا تعمل اعليه>>.,بيهم ال: <<لجرب ما احكل ماه كف>> و<<ال ماه في كرشك لا تعمل اعليه>>.,"Wano ñaawooje wiyirta: 'Ñawɗo o wonaa donngal hoyngal,' e 'Wata fawo e ko alaa e reedu maa.'","As the proverbs go: 'The scabby one (idle person) is no easy load,' and 'Do not count on what is not in your own belly.'",neutre,non
ethno_realigne,أطفال السينما والفيديو في انواكشوط.,اطفال السينما والفيديو في انواكشوط.,Sukaaɓe sinemaa e widewoo e Nuwaasoot.,The cinema and video kids of Nouakchott.,neutre,non
ethno_realigne,خالگ ياسر من تركت انواكشوط ما عند من الشغل يكون سينما، ولا يلهيه يكون شد اخبار آكتيرات الهند وكبيات العالم لوخر ال شوف في افلام سينما وفيديو.,خالگ ياسر من تركت انواكشوط ما عند من الشغل يكون سينما، ولا يلهيه يكون شد اخبار اكتيرات الهند وكبيات العالم لوخر ال شوف في افلام سينما وفيديو.,"Sukaaɓe Nuwaasoot heewɓe ngalaa golle so wonaa sinemaa, ɗum tan soklata ɓe ko jokkude rewɓe pijooɓe Hindi e koode aduna goɗɗe ɗe ɓe njiyata e filmaaji sinemaa e widewoo.","Many of Nouakchott's children have no work except the cinema, and nothing occupies them but following Indian actresses and other world stars they see in cinema and video films.",neutre,non
ethno_realigne,هذا النوع من الترك ما اتل عند اخلاق ولا اتل كيفت الترك لخرين ال امربيينهم اهلهم تربي صالح.,هذا النوع من الترك ما اتل عند اخلاق ولا اتل كيفت الترك لخرين ال امربيينهم اهلهم تربي صالح.,"Ndee sifa suka alaa jikku, o nanaa wano sukaaɓe goɗɓe ɓe ɓesnguuji mum en ne'i no moƴƴi.",This kind of child has no manners and is unlike other children whose families raised them well.,negatif,non
ethno_realigne,الباسهم الا الباس كبيات واكلامهم الا اكلام الهند، والواحد منهم لابدال من الفظ يدخل بيها سينما، وإلين ما اراها يمشي يصرگ.,الباسهم الا الباس كبيات واكلامهم الا اكلام الهند، والواحد منهم لابدال من الفظ يدخل بيها سينما، والين ما اراها يمشي يصرگ.,"Comci mum en ko nanndinde koode, haala mum en ko ñemmbude filmaaji Hindi; gooto kala ina foti heɓde kaalis o naata sinemaa, so o heɓaani o yaha o wuyga.","Their clothes mimic the stars and their talk imitates Indian films; each must have money to get into the cinema, and if he has none he goes and steals.",negatif,non
ethno_realigne,وإبط الترك لخرين ويگلع منهم فظتهم، وعاد گاع يدايگ الا بلماس ويتعطب.,وابط الترك لخرين ويگلع منهم فظتهم، وعاد گاع يدايگ الا بلماس ويتعطب.,"O fiya sukaaɓe goɗɓe o teeta kaalis mum en, o gasa ko haɓdude tan e ɓoggi o fiyee.","He beats up the other kids and takes their money, and he ends up quarreling only with his fists and getting battered.",negatif,non
ethno_realigne,وإلين ما يگلب برامج سينما إدور الترك يرباو اعلي الخز ويكبر اعليه.,والين ما يگلب برامج سينما ادور الترك يرباو اعلي الخز ويكبر اعليه.,"So o ndaaraani sinemaa, o addana sukaaɓe waɗde pari, o nafora ɓe.","And when he is not watching cinema, he gets the children to gamble and exploits them.",negatif,non
ethno_realigne,خالك مثل إكول: <<الشوكة من سقرتها امحدة>>، معناه ان <<أخبر آل ارعاها اگبل ما راها>>.,خالك مثل اكول: <<الشوكه من سقرتها امحده>>، معناه ان <<اخبر ال ارعاها اگبل ما راها>>.,"Ñaawoore woodi: 'Giƴal ina welƴi gila ngal famɗi,' firti ko o anndi jikku mum ado o yiyde mo.","There is a proverb: 'The thorn is sharp from when it is young,' meaning he knew its nature before he ever saw it.",neutre,non
ethno_realigne,انواكشوط تستقبل خوان كرلوس واعيال.,انواكشوط تستقبل خوان كرلوس واعيال.,Nuwaasoot jaɓɓii Juan Carlos e ɓesngu mum.,Nouakchott welcomes Juan Carlos and family.,neutre,non
ethno_realigne,منهم لابس دراعتين وحد خظر ولخر بيظ، ولاو حول من النيل ومتحزم وفيد دبوس وحاكم اخزامت جمل.,منهم لابس دراعتين وحد خظر ولخر بيظ، ولاو حول من النيل ومتحزم وفيد دبوس وحاكم اخزامت جمل.,"E maɓɓe, gooto kala ɓoorii mbubbaaji ɗiɗi, ngootu haako ngootu daneru, e wutte nila, e taggorgal, e kaafa e junngo, o nanngi ɗaɗol ngeelooba.","Among them, each wore two boubous, one green and one white, plus an indigo wrap, a belt, a sword in hand, and held a camel's nose-rein.",neutre,non
ethno_realigne,امجي مليك اسبان واعيال، إلين عادت الساعة الخامسة وخمس واربعين في الدحميس نزلت الطائرة في مطار انواكشوط.,امجي مليك اسبان واعيال، الين عادت الساعه الخامسه وخمس واربعين في الدحميس نزلت الطائره في مطار انواكشوط.,"Laamɗo Espaañ e ɓesngu mum ngari; e waktu njoyaɓo e hojomaaji 45 kikiiɗe, ndiwoowa ndee tellii e aweyo Nuwaasoot.",The King of Spain and his family arrived; at 5:45 in the afternoon the plane landed at Nouakchott airport.,neutre,non
ethno_realigne,ونگز المليك واعيال، واستقبلهم رئيس الدولة واعيال واعضاء الحكومة والبعثات الدبلوماسية.,ونگز المليك واعيال، واستقبلهم رئيس الدوله واعيال واعضاء الحكومه والبعثات الدبلوماسيه.,"Laamɗo o e ɓesngu mum njippii, ɓe njaɓɓaa hooreejo leydi e ɓesngu mum, terɗe laamu e diplomaatiyankooɓe.","The King and his family disembarked and were received by the head of state and his family, the government members and the diplomatic missions.",neutre,non
ethno_realigne,كان اول شي استقبلوهم بيه هو اثلاثين اعمار انخبطت بالمدافع الثقيلة، وركب الوتات.,كان اول شي استقبلوهم بيه هو اثلاثين اعمار انخبطت بالمدافع الثقيله، وركب الوتات.,"Ko adii ko ɓe njaɓɓoraa ko fellannde capanɗe-tati nde kareeli teddɗi mbaɗi, refti ɓe njolii e otooji.","The first thing with which they were received was a thirty-gun salute fired by heavy artillery, then they got into the cars.",neutre,non
ethno_realigne,وكان الشارع بين المطار وقصر الرئاسة احواشيه املانين من الناس ال اتزغرت وترگص وتخبط اطبول واتحي الملك واعيال.,وكان الشارع بين المطار وقصر الرئاسه احواشيه املانين من الناس ال اتزغرت وترگص وتخبط اطبول واتحي الملك واعيال.,"Laawol hakkunde aweyo e galle hooreejo leydi ngol heewii yimɓe ɓe njuuraynoo, ngamii, piyi tabalde, ɓe njettini Laamɗo o e ɓesngu mum.","The road between the airport and the presidential palace was lined with people who ululated, danced, beat drums and hailed the King and his family.",positif,non
ethno,ما هم كيفت ذ لخرين ال الا لحمار وانساو المثل,ما هم كيفت ذ لخرين ال الا لحمار وانساو المثل,,"The finest sight was a great line of men mounted on camels, about five hundred riders wearing the old Mauritanian dress.",positif,non
ethno,إل إكول : <<أل لم شي يفصل فيه>>.,ال اكول : <<ال لم شي يفصل فيه>>.,,"At night a grand reception was held at the presidential palace, full of modern and traditional song and dance.",positif,non
ethno,مندر  يكان  لمر  هي  ال اتبذر  وال  الراجل,مندر يكان لمر هي ال اتبذر وال الراجل,,Truly the reception was splendid; they did not skimp on anything they knew of.,positif,non
ethno,الرجال دائما إلوم لعليات وإگولونهم الا هم ال,الرجال دائما الوم لعليات واگولونهم الا هم ال,,"Proverb: 'He who gives what he has cannot be called stingy,' meaning whatever was done, it was not for lack of will, only of means.",neutre,non
ethno,إخصر الفظ عند لعياد و المناسبات بيهن لمر,اخصر الفظ عند لعياد و المناسبات بيهن لمر,,The municipal campaign.,neutre,non
ethno,لابدالها من املاحف زينات تلبسهم و ياسر من آلات,لابدالها من املاحف زينات تلبسهم و ياسر من الات,,"The date-harvest season (guetna) is an important time for people living in the big towns and for the nomads in the countryside, a time of rest.",positif,non
ethno,لحفول والبدلات ولرساق من اذهب وگيسان صالوهات,لحفول والبدلات ولرساق من اذهب وگيسان صالوهات,,"Town-dwellers rest from the town's atmosphere and its hardships, and the nomads rest from moving from place to place.",neutre,non
ethno,الحن وتختير اتعدل شي ما عدلوه اصحباتها لياك,الحن وتختير اتعدل شي ما عدلوه اصحباتها لياك,,"They all gather in the valleys that usually have palm groves, in Tagant and Adrar.",neutre,non
ethno,تتفخر اعليهم بيه و هذا هو ال عدل الرجال دائما,تتفخر اعليهم بيه و هذا هو ال عدل الرجال دائما,,"Those who come for the harvest are not all the same: some own palms, and some are just visiting people they know who own palms.",neutre,non
ethno,امعدلين ان لعليات الا هم ال إبذر الفظ .,امعدلين ان لعليات الا هم ال ابذر الفظ .,,"The season has two stages: the green stage, when the dates are still green and bland, which people eat and call wholesome.",neutre,non
ethno,لعليات هم لخرين امواسيات ان الرجال أخصر منهم,لعليات هم لخرين امواسيات ان الرجال اخصر منهم,,"The second stage, when the dates turn yellow and red, and people keep picking until they ripen and the whole crop is harvested and packed into sacks.",neutre,non
ethno,بيهم ال لابدالهم من ادراريع الزينات ال صوگ وحد,بيهم ال لابدالهم من ادراريع الزينات ال صوگ وحد,,Then each takes his share and returns to the place from which the harvesters came.,neutre,non
ethno,منهم يشري عشر املاحف ، وتات اتويوتا ونيسان ال,منهم يشري عشر املاحف ، وتات اتويوتا ونيسان ال,,"Saying: 'Whatever comes (with profit), it has come and conquered.'",neutre,non
ethno,لابدالهم من الملايين .,لابدالهم من الملايين .,,This market is among the largest in the capital; when you go you would think all of Nouakchott's residents are crammed into it.,neutre,non
ethno,وعاد الا كلهم إشگر على لوخر التبذير وهو ابذر,وعاد الا كلهم اشگر علي لوخر التبذير وهو ابذر,,"You are struck by so many people, so much merchandise, and the way these people work, to whom nothing is a problem, even selling without money.",neutre,non
ethno,من وانساو المثل : << ال شگر شي إدير شي افبل >>.,من وانساو المثل : << ال شگر شي ادير شي افبل >>.,,"They buy and sell new and used goods and rent out shops; all of them sit and sell, or stand and sell, or barter.",neutre,non
ethno,انواكشوط  سكان  ومساكن,انواكشوط سكان ومساكن,,"Saying: 'Whatever comes, it has come and conquered.'",neutre,non
ethno,من الل سنين و خاصة من السبعينات گلت اسحاب,من الل سنين و خاصه من السبعينات گلت اسحاب,,Free (informal) work in Nouakchott.,neutre,non
ethno,و جدبت الارض و گل اربيع و لحشيش ومات اصدر,و جدبت الارض و گل اربيع و لحشيش ومات اصدر,,Proverb: 'He who keeps lying should keep his witnesses far away.',neutre,non
ethno,والحيوانات.,والحيوانات.,,There is a class of young men in Nouakchott called the 'haraga' or the liars; one of them spends the whole day lounging in salons and public places.,negatif,non
ethno,عادت الناس فرظ اعليها تمشي من الباديه ال,عادت الناس فرظ اعليها تمشي من الباديه ال,,"When he gets going you cannot tell; he claims he is everything, knows everything, has everything, and that no one in the world is like him.",negatif,non
ethno,كانت ساكن فيها شور اتشور يكانها اتگد اتعيش,كانت ساكن فيها شور اتشور يكانها اتگد اتعيش,,In reality what he tells has no basis and exists only in his wide imagination.,negatif,non
ethno,عادت الناس فَرَظاً اعليها تَمشي من الباديه ال,عادت الناس فرظا اعليها تمشي من الباديه ال,,"These people cannot realize their dreams, so they realize them in fantasy, and unable to make up for their shortcomings, they make up for them in fantasy.",negatif,non
ethno,دفعت الناس كامل شور انواكشوط واصبح انوااكشوط,دفعت الناس كامل شور انواكشوط واصبح انوااكشوط,,"And they try by every means to enter society, especially people who never knew them, which is why the liar keeps his witnesses far away.",negatif,non
ethno,ا لا جماع انگار ؛ فيه الناس كامل بكل انواعها ؛,ا لا جماع انگار ؛ فيه الناس كامل بكل انواعها ؛,,"Before long it becomes clear to them that lies may travel but never bring in a harvest, and a lie cannot stand.",negatif,non
ethno,اهل البادية ،اهل اتشور والحراثة .,اهل الباديه ،اهل اتشور والحراثه .,,And the people lied to only end up exposing the lies and stop listening to them.,negatif,non
ethno,كل حد من الناس جات كان لا بدال من مسكن,كل حد من الناس جات كان لا بدال من مسكن,,Proverb: 'He who talks too much is exposed.',neutre,non
ethno,و اتشاش من اتراب و هاذ هو سبب وجود الكبات,و اتشاش من اتراب و هاذ هو سبب وجود الكبات,,The young men and the broke in Nouakchott have become like the crow's imitation of someone else's gait.,negatif,non
ethno,و الگزرات اعلى احواشي الدشر .الكبة عبارة :,و الگزرات اعلي احواشي الدشر .الكبه عباره :,,"He tries to copy their swagger and cannot, loses even his own gait, and ends up just hiding himself.",negatif,non
ethno,عن الكثير من المساكن المبني من اجلف و متگارب,عن الكثير من المساكن المبني من اجلف و متگارب,,"There has also appeared among them a sort called 'disco girls' and 'jeans boys' whose only concern is to look Arab or American, abandoning their families' customs and natures.",negatif,non
ethno,و لاه مخط ، و الگزر عادة الا من لمبارات,و لاه مخط ، و الگزر عاده الا من لمبارات,,"And they try by every means to adopt the Westerners' lifestyle, and to them even a sound deal is 'to escape from one who neither gives nor takes anything.'",negatif,non
ethno,المترا كبة و البرگة واديار ،,المترا كبه و البرگه واديار ،,,The disco girls always carry around big handbags full of makeup.,neutre,non
ethno,تجبر لخيام في ادبار الزينات و في لمبارات,تجبر لخيام في ادبار الزينات و في لمبارات,,They wear high-heeled shoes and go into the homes of their 'jeans boy' friends and dance with them.,neutre,non
ethno,و الساحات و تجبر الحيوانات عند اهل القصر واهل,و الساحات و تجبر الحيوانات عند اهل القصر واهل,,"Many people call them prostitutes, though they are not all prostitutes.",negatif,non
ethno,المترا كبة و البركَة وادبيار ،,المترا كبه و البركه وادبيار ،,,But as the proverb says: 'A young camel kept with a donkey learns to bray.',neutre,non
ethno,لعليات  في انواكشوط والعمل الخاص,لعليات في انواكشوط والعمل الخاص,,"The 'jeans boys' are youths always sharply dressed, riding motorbikes, with jewelry on their hands, and dancing.",neutre,non
ethno,امن الثمانيات اعلى إلاه اطرات عقليات اجديد في المجتمع,امن الثمانيات اعلي الاه اطرات عقليات اجديد في المجتمع,,"They groom themselves in a particular way, many of them steal, and people have come to call them 'bandits.'",neutre,non
ethno,الموريتاني ، و خاصة في لعليات آل كان ما يشتغل؛ و مهمتهم,الموريتاني ، و خاصه في لعليات ال كان ما يشتغل؛ و مهمتهم,,As the proverb goes: 'He whom the snake has bitten is frightened by a rope.',neutre,non
ethno,الوحيد هي لگعاد في اديار ، وعمل المنزل، وشد لخبار ، و,الوحيد هي لگعاد في اديار ، وعمل المنزل، وشد لخبار ، و,,Street talk in Nouakchott.,positif,non
ethno,اسواق ؛ إلين اطرات هذ العقليات اجديد وخلگت السياسة,اسواق ؛ الين اطرات هذ العقليات اجديد وخلگت السياسه,,People in Nouakchott always trade truth and lies; every day you hear new rumors.,positif,non
ethno,لحزاب والانتخابات . عرف لعليات انهم من واجبهم إشارك,لحزاب والانتخابات . عرف لعليات انهم من واجبهم اشارك,,"Each has his own way of passing on news, which is why the story differs from one person to another.",positif,non
ethno,في بناي الدولة و المجتمع وإگوم بدورهم . عاد إگوم من,في بناي الدوله و المجتمع واگوم بدورهم . عاد اگوم من,,"In any case the proverb says: 'A thing without foundation cannot stand,' meaning what they spread is made up.",neutre,non
ethno,لگعاد ويشتغل ، وعدت اتشوف لمر تعمل امع الرجال في,لگعاد ويشتغل ، وعدت اتشوف لمر تعمل امع الرجال في,,"A halt, and a woman brought back from Saudi Arabia.",neutre,non
ethno,بيروهات، واتشارك في لنتخابات ، و تلعب دور اكبير في,بيروهات، واتشارك في لنتخابات ، و تلعب دور اكبير في,,"These days people are talking only of the news of a man who sold a woman to a man from Saudi Arabia, took her and delivered her to him.",neutre,non
ethno,توعيت المجتمع، واترقات لمر ، وعاد لعليات عندهم,توعيت المجتمع، واترقات لمر ، وعاد لعليات عندهم,,"In the end the case came to light, it was halted, and the woman was brought back from Saudi Arabia.",negatif,non
ethno,التعاونيات والمؤسسات ، ويشتغل في كل الميادين . ولا,التعاونيات والمؤسسات ، ويشتغل في كل الميادين . ولا,,With this sort of rumor no one can tell lie from truth; it is like 'the fortune-telling we neither believed nor denied.',negatif,non
ethno,اتلاو تاكلين اعلي الرجال ، بيهم ال :<< لجرب ما إحكل,اتلاو تاكلين اعلي الرجال ، بيهم ال :<< لجرب ما احكل,,"Those who spread street rumors are simply people of that nature, with no real stake in it.",negatif,non
ethno,ماه كف >> و <<ال ماه في كرشك لا تعمل اعليه >>,ماه كف >> و <<ال ماه في كرشك لا تعمل اعليه >>,,"And the proverb says: 'A man dies as he lived, and it is said he is raised likewise.'",negatif,non
ethno,أطفال السينما والفيديو في انواكشوط,اطفال السينما والفيديو في انواكشوط,,How the people of Nouakchott welcomed the breaking of the fast (Eid al-Fitr).,neutre,non
ethno,خالگ ياسر من تركت انواكشوط ما عند من الشغل يكون سينما,خالگ ياسر من تركت انواكشوط ما عند من الشغل يكون سينما,,"It was the day after Ramadan, and everyone, men, women and children, in the countryside, the desert and the towns, was getting ready for the great day, and everything was prepared.",neutre,non
ethno,ولا يلهيه يكون شد اخبار آكتيرات الهند وكبيات العالم لوخر,ولا يلهيه يكون شد اخبار اكتيرات الهند وكبيات العالم لوخر,,"People stayed up listening to the radio until 2 a.m., when the committee for moon-sighting took its decision and confirmed the sighting.",neutre,non
ethno,ال شوف في افلام سينما وفيديو .,ال شوف في افلام سينما وفيديو .,,"By daybreak the roads were filled with people and there was incredible bustle and activity; everyone was joyful, laughing and merry.",neutre,non
ethno,هذا النوع من الترك ما اتل عند اخلاق ولا اتل كيفت الترك لخرين,هذا النوع من الترك ما اتل عند اخلاق ولا اتل كيفت الترك لخرين,,This is natural: most people had been fasting and rightly had reason to rejoice at breaking the fast.,neutre,non
ethno,ال امربيينهم اهلهم تربي صالح ، الباسهم الا الباس كبيات,ال امربيينهم اهلهم تربي صالح ، الباسهم الا الباس كبيات,,"Some are glad because they love noise and music, some are glad to wear new clothes, and some only because they will eat good food.",neutre,non
ethno,واكلامهم الا اكلام الهند والواحد منهم لابدال من الفظ  يدخل,واكلامهم الا اكلام الهند والواحد منهم لابدال من الفظ يدخل,,"Everyone was looking forward to the festival, but as the proverb says: 'He whose hour has not yet come does not worry.'",positif,non
ethno,بيها سينما وإلين ما اراها يمشي يصرگ وإبط الترك لخرين,بيها سينما والين ما اراها يمشي يصرگ وابط الترك لخرين,,Divorce (abandonment) in Mauritanian society.,positif,non
ethno,ويگلع منهم فظتهم و عاد گاع يدايگ الا بلماس ويتعطب,ويگلع منهم فظتهم و عاد گاع يدايگ الا بلماس ويتعطب,,Men and women in Mauritania who have never divorced can be counted on one's fingers.,neutre,non
ethno,و إلين ما يگلب برامج سينما إدور الترك يرباو اعلي الخز,و الين ما يگلب برامج سينما ادور الترك يرباو اعلي الخز,,"For that reason divorce has become ordinary; people say 'as long as you love each other, every man for himself,' and 'let what is gone not return.'",positif,non
ethno,و يكبر اعليه خالك مثل إكول : <<الشوكة من سقرتها امحدة >>,و يكبر اعليه خالك مثل اكول : <<الشوكه من سقرتها امحده >>,,"But none of this is right; divorce does no good and cannot be condoned, for its consequences are dire for men, women and the children left behind.",positif,non
ethno,معناه ان << أخبر آل ارعاها اگبل ما راها >>.,معناه ان << اخبر ال ارعاها اگبل ما راها >>.,,And in the end it is disastrous for society and the state. 'Nothing is set right except what is first ruined.',neutre,non
ethno,انواكشوط تستقبل خوان كرلوس و اعيال,انواكشوط تستقبل خوان كرلوس و اعيال,,"Many people know that divorce is disastrous and gains nothing, but circumstances force it on them. 'What is forced on you, just put up with it.'",neutre,non
ethno,منهم لاَبس دراعتَيْن وحد خُظَر ولَخْر بِيظ وَلاَو,منهم لابس دراعتين وحد خظر ولخر بيظ ولاو,,"Among the causes of frequent divorce in Mauritania: marriages are made without thought; a man sees a woman one day, goes to propose and marries her, knowing nothing about her or her family.",positif,non
ethno,حول من النيل و متحزّم وفِيد دبُوس وحاكم اخْزامت جمل .,حول من النيل و متحزم وفيد دبوس وحاكم اخزامت جمل .,,"He does not think about their future life together; once married, each finds in the other things he did not expect, problems arise between them, and the only solution becomes divorce.",neutre,non
ethno,امجي مليك اسبان واعيال، إلين عادت الساعة الخامسة و خمس و,امجي مليك اسبان واعيال، الين عادت الساعه الخامسه و خمس و,,Private enterprise in Nouakchott.,neutre,non
ethno,أربعين في الدحميس نزلت الطائرة في مطار انواكشوط ، ونگز,اربعين في الدحميس نزلت الطائره في مطار انواكشوط ، ونگز,,"Ever since democracy arrived and the government launched a liberal program, private enterprise has grown day by day.",neutre,non
ethno,المليك واعيال و استقبلهم رئيس الدولة واعيال واعضاء الحكومة,المليك واعيال و استقبلهم رئيس الدوله واعيال واعضاء الحكومه,,"Private schools, hospitals and businesses multiplied; now everyone has their own work and the government no longer monopolizes things.",neutre,non
ethno,والبعثات الدبلوماسية كان اول شي استقبلوهم بيه هو اثلاثين,والبعثات الدبلوماسيه كان اول شي استقبلوهم بيه هو اثلاثين,,"Now each works according to his ability, and most people have taken up this kind of work.",neutre,non
ethno,اعمار انخبطت بالمدافع الثقيلة وركب الوتات ، وكان الشارع,اعمار انخبطت بالمدافع الثقيله وركب الوتات ، وكان الشارع,,"Proverb: 'Whoever comes to learn to swim, may he drown (sink or swim).'",neutre,non
ethno,بين المطار وقصر الرئاسة احواشيه املانين من الناس ال اتزغرت,بين المطار وقصر الرئاسه احواشيه املانين من الناس ال اتزغرت,,Nouakchott and commerce.,neutre,non
ethno,وترگص وتخبط اطبول واتحي الملك واعيال.,وترگص وتخبط اطبول واتحي الملك واعيال.,,"The proverb says: 'When the head grows two eyes, it falls off (things get out of hand).'",neutre,non
ethno,ازين مشهد كان هو صف اكبير من الرجال ال راكبين البل وعددهم,ازين مشهد كان هو صف اكبير من الرجال ال راكبين البل وعددهم,,"This proverb fits Nouakchott, which has become all shops: in every house a shop, in every district a market, in every street many shops and stalls, and in every tent a male or female trader.",neutre,non
ethno,حوالي خمس مئة ابجاوي لابسين الباس الموريتانيين القديم كل واحد,حوالي خمس مئه ابجاوي لابسين الباس الموريتانيين القديم كل واحد,,"This means most people have become traders, and Nouakchott has become all shops and is falling apart, just like the head that grew two eyes.",neutre,non
ethno,منهم لابس دراعتين وحد خظر ولخر بيظ ولاو,منهم لابس دراعتين وحد خظر ولخر بيظ ولاو,,One feature of commerce in Nouakchott is that a trader does not deal in just one type of trade.,neutre,non
ethno,حول من النيل و متحزم وفيد دبوس وحاكم اخزامت جمل .,حول من النيل و متحزم وفيد دبوس وحاكم اخزامت جمل .,,"You find a trader selling medicine in his shop along with clothes, foodstuffs, household goods, hardware, car parts and everything.",neutre,non
ethno,في اليل  أعدل حفل اكبير في قصر الرئاسة اخلگ فيه ياسر من,في اليل اعدل حفل اكبير في قصر الرئاسه اخلگ فيه ياسر من,,"And in addition he may be a shopkeeper, a cook, or a mechanic.",neutre,non
ethno,لغن وارگيص الحديث والتقليدي في الحقيقة كان الاستقبال رايع,لغن وارگيص الحديث والتقليدي في الحقيقه كان الاستقبال رايع,,"A second visible feature is called 'tebtib' (barter): people buy and sell not with money but with goods, and the merchandise need not be new.",neutre,non
ethno,ولا بخلوه يكون شي ما يعرفوه و <<ال اعطي ال فيد ما يسم بخيل >>,ولا بخلوه يكون شي ما يعرفوه و <<ال اعطي ال فيد ما يسم بخيل >>,,The village of Eghlembit.,neutre,non
ethno,معناه ان شي ما اعدل,معناه ان شي ما اعدل,,"Eghlembit is a small village 70 km southwest of Tidjikja, the capital of Tagant.",neutre,non
ethno,<<ماه كره يغير اتعسريه >>.,<<ماه كره يغير اتعسريه >>.,,"It is bordered to the east by Enbat, to the north by Sahel, to the south by Gleb Ghachgouguit, and to the west by Gleb Egrafiv.",neutre,non
ethno,حملَتِ البَلديَهِ,حملت البلديه,,"As for its geological makeup: the village 'el-Wad' is built on the banks of a large wadi called the White Wadi, the largest wadi in Tagant.",neutre,non
ethno,الگيطن فرص مهم للناس آل ساكن في ادشور لكبارات ،,الگيطن فرص مهم للناس ال ساكن في ادشور لكبارات ،,,"Its land is covered with stones, trees and palms, and has dunes, clay pans and small valleys.",neutre,non
ethno,والرحال آل في البادية للراحة .,والرحال ال في الباديه للراحه .,,"Its inhabitants number about 200 families, all Bidhan (white Moors), speaking Hassaniya and preserving many of the old nomadic customs.",positif,oui
ethno,آهل الدشر يستراح من جو الدشر و الحيات المانع، و الرحال,اهل الدشر يستراح من جو الدشر و الحيات المانع، و الرحال,,Their economy rests mainly on palm cultivation; every household has its own palm plot.,neutre,non
ethno,يستراح من التنگال من ابليد شور آخر.,يستراح من التنگال من ابليد شور اخر.,,"They grow wheat and vegetables and do the autumn farming when the rains come, the land becomes workable and the clay pans fill with water.",positif,oui
ethno,و يجابر كاملين في الوديان ال عادة فيهم انخل في تگانت,و يجابر كاملين في الوديان ال عاده فيهم انخل في تگانت,,Theft in Nouakchott.,negatif,non
ethno,و ادرار . و هاذ الناس ال اتج امگيطن ماه سيان : فيها شي,و ادرار . و هاذ الناس ال اتج امگيطن ماه سيان : فيها شي,,"Theft is a wretched phenomenon, rare in our nomadic society, but now common in Nouakchott, especially of late, with the appearance of the gangs called 'dekhel shi' (get-something gangs).",negatif,non
ethno,عند انخل و فيها شي الا گايس وحدين يعرفهم بانخلهم .,عند انخل و فيها شي الا گايس وحدين يعرفهم بانخلهم .,,"These 'get-something' gangs are groups containing all kinds of people, men and women, and come in every form.",negatif,non
ethno,والگيطن اتعود اعلى مرحلتين :,والگيطن اتعود اعلي مرحلتين :,,"Sometimes riding in cars, sometimes on motorbikes; mostly they are on motorbikes, armed, and carry everything they could need.",negatif,non
ethno,الگيطن الخظر وإعود فيها لبلح مازال اخظر و ماسخ و توكل,الگيطن الخظر واعود فيها لبلح مازال اخظر و ماسخ و توكل,,"One of the strangest tales ever: a shopkeeper stayed open past midnight, around one a.m., when an old woman came carrying a beggar's bag.",neutre,non
ethno,الناس وإگول ان اصحيح .,الناس واگول ان اصحيح .,,"She told him 'my son, I'm looking for a place to sleep, because my family is far away and I cannot reach them.'",neutre,non
ethno,و المرحل الثاني إعود لبلح اصفر واحمر و اتم الناس اتگلع,و المرحل الثاني اعود لبلح اصفر واحمر و اتم الناس اتگلع,,He suspected something about her and let her in with him; she had given her companions an appointment to come and open up for them.,negatif,non
ethno,إلين إطيب وإعود اتمر كامل ينگطع كامل ويندار في ازگايب,الين اطيب واعود اتمر كامل ينگطع كامل ويندار في ازگايب,,"Afterward the man caught on to her, 'the thief has fire in him,' he overpowered her, she confessed, he phoned the police and the gang was caught.",positif,non
ethno,و كلها يگبظ گرعت ويرجع شور بل امنين جاو امگيطنين .,و كلها يگبظ گرعت ويرجع شور بل امنين جاو امگيطنين .,,"Women and men joined in, all of them thieving from one another, and no one could shut an eye over what they had stolen.",negatif,non
ethno,(أ لا آ باش جات غزات),(ا لا ا باش جات غزات),,The seashore in Nouakchott.,neutre,non
ethno,هاذ السوق من اكبر اسواق العاصم ، إلين اتجيه اتشك,هاذ السوق من اكبر اسواق العاصم ، الين اتجيه اتشك,,"Anyone who goes to the seashore finds many fine things: the gleaming dunes, the crashing waves, and people coming from every corner of the town.",positif,non
ethno,ان سكان انواكشوط كاملين حصر فيه، وتتفكر بيك ذ من,ان سكان انواكشوط كاملين حصر فيه، وتتفكر بيك ذ من,,"Some are seeking shells, some are fishermen, and many are just strolling.",neutre,non
ethno,البشر وبيك ذ من مرسنديس وبيك طريقت عمل ذ الناس,البشر وبيك ذ من مرسنديس وبيك طريقت عمل ذ الناس,,"What is strange about the beach is that its people have their own ways and language: the fishermen wear yellow clothes, go into the sea on rafts of palm wood, bring back fish and sell it to the women.",neutre,non
ethno,ال ما امشكل اعليهم شي اسو هو شنه ،أبيع ابلا الفظ.,ال ما امشكل اعليهم شي اسو هو شنه ،ابيع ابلا الفظ.,,"I noticed that the fishermen and the women working on the seashore have Senegalese customs and language, though they are Mauritanians.",neutre,non
ethno,ويشر وابيع اجديد ولدرس ولا يكر آباتيگ الا كلها,ويشر وابيع اجديد ولدرس ولا يكر اباتيگ الا كلها,,"I asked an elderly Moor about it; he said: 'Boy, do not describe to me what you have not seen,' and 'blue has nothing but dust,' so do not get yourself into trouble and regret it later.",negatif,oui
ethno,يگعد وإبيع وال يوگف وابيع وال إباتر .,يگعد وابيع وال يوگف وابيع وال اباتر .,,The tale of the dispute.,neutre,non
ethno,<<ألا آباش جات غزات>>,<<الا اباش جات غزات>>,,"In olden times there was a wise man, rich in wealth, who lived long and had many sons.",positif,non
ethno,لأعمال الحر في انواكشوط,لاعمال الحر في انواكشوط,,"When he was about to die he called all his sons and asked them to bring a bundle of firewood, and they brought it.",neutre,non
ethno,<<ال باق يكذب إبعد اشهود >>,<<ال باق يكذب ابعد اشهود >>,,He called his eldest son before all of them and said 'break this bundle of firewood for me'; the son tried several times but could not break the bundle.,neutre,non
ethno,خالگ فئة من الشباب في انواكشوط ينگالها الحراگة وال,خالگ فئه من الشباب في انواكشوط ينگالها الحراگه وال,,"Their father said 'split it up, and each of you break a single stick'; one by one they split it and each broke a stick.",neutre,non
ethno,الكذاب، الواحد منهم إظل انهار كامل يسدر في الصالوهات,الكذاب، الواحد منهم اظل انهار كامل يسدر في الصالوهات,,"Their father said: 'O my sons, listen: the seated old man sees what the standing youth cannot; ask the experienced one, not the doctor.'",positif,non
ethno,والمحلات العموميه . إلين اج المد ما تعرف إگول ان هو,والمحلات العموميه . الين اج المد ما تعرف اگول ان هو,,"If you scatter and each goes his own way, you will be like the bundle that was split, each stick easily broken.'",negatif,oui
ethno,اسم وهو اتراب وان يعرف كل شي وعند كل شي ولا خالگ,اسم وهو اتراب وان يعرف كل شي وعند كل شي ولا خالگ,,"But if you stay together in one place, nothing can overturn you; my sons, I urge you only to stay united and know that a single ember gives no fire and one hand cannot clap.'",positif,non
ethno,حد اشبه من في الدنيا.,حد اشبه من في الدنيا.,,The women of Nouakchott and savings circles (asar).,neutre,non
ethno,والواقع ان هذ ال يحكى ما عند اساس ولاه خالگ يكون في,والواقع ان هذ ال يحكي ما عند اساس ولاه خالگ يكون في,,Few of Nouakchott's women are not part of a circle (asar).,neutre,non
ethno,خيال هو الواسع ،,خيال هو الواسع ،,,"An 'asar' is a group of women of similar age, brought together like a club with a leader, who have a fund into which each pays a sum of money every week.",neutre,non
ethno,هذ الناس عاجزين عن تحقيق احلامهم وعاد إحقوها في الخيال.,هذ الناس عاجزين عن تحقيق احلامهم وعاد احقوها في الخيال.,,They always meet on Fridays at the home of one of them.,neutre,non
ethno,وعجز عن تعويض النقص ال إعان من و عاد إعوضوه في الخيال .,وعجز عن تعويض النقص ال اعان من و عاد اعوضوه في الخيال .,,Among older women the circle's function is mutual support whenever one of them is in need.,positif,non
ethno,و إحاول بكل وسائلهم يدخل المجتمع وخاصة الناس ال ما,و احاول بكل وسائلهم يدخل المجتمع وخاصه الناس ال ما,,"When she names a newborn child, they come and help her hold the naming, organize it, bring her money and put on a celebration.",positif,non
ethno,كانت تعرفهم اصلا ، وهي الحك ال باقي يكذب إبعد اشهود،,كانت تعرفهم اصلا ، وهي الحك ال باقي يكذب ابعد اشهود،,,"And they always call together, cook food and greet the people.",positif,non
ethno,بغير بعد فات اعليهم بان <<الكذب تسگ يغير ما اتحوش >>,بغير بعد فات اعليهم بان <<الكذب تسگ يغير ما اتحوش >>,,"For the unmarried young women, the circle's function is to gather and chat, and when one of them marries they all come and organize her wedding.",positif,non
ethno,و <<لكذيب الا يوگف >>,و <<لكذيب الا يوگف >>,,"They help her family, and their circle always wears matching clothes and takes turns serving drinks and food, clapping, dancing and singing at the wedding.",positif,non
ethno,والناس ال يكذب اعليها ادور الا تعگب تطالع اعلى كذبهم,والناس ال يكذب اعليها ادور الا تعگب تطالع اعلي كذبهم,,"Weddings, naming ceremonies, and 'Jaguar' in Nouakchott.",neutre,non
ethno,ولا اتلات تصنت الهم.,ولا اتلات تصنت الهم.,,"Jaguar' is a magical word taken from France's Jaguar jets in the desert war, when people would imitate the plane's roar with a guitar, and it became drumming and dancing without equal.",positif,non
ethno,<< ال كثر ينفطل>>,<< ال كثر ينفطل>>,,"From that time to today, no wedding or naming has taken place in Nouakchott or any large town without a band with a guitarist and 'gorjiginat' (the exceptional men).",positif,oui
ethno,اشويبات وامفيگرش في انواكشوط عاد الا كيف امردت لغراب,اشويبات وامفيگرش في انواكشوط عاد الا كيف امردت لغراب,,Saying: 'We who sing do not get bogged down (we keep going).',positif,non
ethno,امع عيش رخم ؛ اتلا لاه إحامر گوطرتها ولا گد و مرت اعليه,امع عيش رخم ؛ اتلا لاه احامر گوطرتها ولا گد و مرت اعليه,,"So the celebration came to be called 'jaguar,' and you always find women caught up in talk about it.",neutre,non
ethno,گوطرت وعاد الا يتخبع هم. زاد مارگ فيهم نوع ينگال ديسكتات,گوطرت وعاد الا يتخبع هم. زاد مارگ فيهم نوع ينگال ديسكتات,,"Yesterday a group of young and middle-aged women were chatting: the older ones said their own era was the finest, the younger ones said theirs was, the era of 'jaguar' and the modern life.",neutre,non
ethno,وجينكات هامهم إعود آربيين وال امركيين و امشاو عن,وجينكات هامهم اعود اربيين وال امركيين و امشاو عن,,One of the women answered them with the proverb: 'We who sing do not get bogged down.',positif,non
ethno,عادات اهلهم وطبايعهم والا إحاول بكا وسائلهم يگبظ حيات اهل,عادات اهلهم وطبايعهم والا احاول بكا وسائلهم يگبظ حيات اهل,,The livestock market in Nouakchott.,neutre,non
ethno,الغرب و عندينهم بعد <<ا الا إفكن من ال ما ابخل شي ولا آز شي>>,الغرب و عندينهم بعد <<ا الا افكن من ال ما ابخل شي ولا از شي>>,,"Here in Nouakchott there is a large market in the Mrabet district, full of sheep and goats: she-goats, ewes and rams.",neutre,non
ethno,ديسكتات تلحگهم دائما الا معلگات سكات اكبور املانين الا من آلات,ديسكتات تلحگهم دائما الا معلگات سكات اكبور املانين الا من الات,,"In these days before the Eid the number of animals in the market has grown and its visitors increased, each looking for a ram to sacrifice for the Eid.",neutre,non
ethno,مكياج ويربط انعايل اگدامهم اطوال و يمش يدخل ابيوت اصحابهم,مكياج ويربط انعايل اگدامهم اطوال و يمش يدخل ابيوت اصحابهم,,"Some buy large rams for a lot of money, others buy a ewe or a goat for less, and some people have their own customers who buy on credit.",neutre,non
ethno,جينكات ويرگص امعاهم وياسر من الناس إگولهم الا العاهرات,جينكات ويرگص امعاهم وياسر من الناس اگولهم الا العاهرات,,"Anyone entering the market today hears much haggling, bargaining and pleading for discounts.",neutre,non
ethno,و هم ماهم كاملات عاهرات يغير المثل إگول : << لم لحوار امع,و هم ماهم كاملات عاهرات يغير المثل اگول : << لم لحوار امع,,"This one wants the price lowered, that one wants a fatter sort, one picks the ewe, one the goat, one the ram.",neutre,non
ethno,لحمار إعلم اشهيگ وال انهيگ >>.,لحمار اعلم اشهيگ وال انهيگ >>.,,"Two men were bargaining; one wanted to buy on credit and kept telling the other: 'No debt, no livelihood.'",neutre,oui
ethno,جينكات الا اجدعان ال دائما متكبطين و رابطين بوطات و إدور,جينكات الا اجدعان ال دائما متكبطين و رابطين بوطات و ادور,,"The Tifa (vendor) said: 'A debt, when you take it, you raise your hands (in joy); when you pay it, you bite your lips.'",negatif,oui
ethno,لرساق في ايديهم ورگاص وإحسن روصهم احسان خاص و ياسر منهم,لرساق في ايديهم ورگاص واحسن روصهم احسان خاص و ياسر منهم,,"The buyer said: 'He who puts flour in his mouth knows how to swallow it; if I did not know I would repay you, I would not buy on credit from you.'",positif,oui
ethno,يصرگ وعادت الناس اتگول الهم الا بنضيات بيه ال:,يصرگ وعادت الناس اتگول الهم الا بنضيات بيه ال:,,"In the end he sold him a ram on credit, and he bit his lips (regretted it).",negatif,non
ethno,<<ال عظ الحنش خلعال لحبل >>.,<<ال عظ الحنش خلعال لحبل >>.,,Fasting.,neutre,non
ethno,حديث الشارع في انواكشوط,حديث الشارع في انواكشوط,,"Fasting Ramadan is the fourth of the five pillars of Islam, along with the two testimonies of faith, prayer, almsgiving (zakat) and the pilgrimage.",neutre,non
ethno,الناس في انواكشوط دائما الا اترد الحگ والكذب كل انهار,الناس في انواكشوط دائما الا اترد الحگ والكذب كل انهار,,"Fasting means abstaining from food, drink and sexual relations from dawn until sunset.",neutre,non
ethno,تسمع امراد اجداد . وكل حد عند طريقت ال إوصل بيها لخبار,تسمع امراد اجداد . وكل حد عند طريقت ال اوصل بيها لخبار,,"The faster feels he has entered a new state: lying is forbidden to him, adultery is forbidden, as is backbiting and stealing.",positif,non
ethno,وهذا هو ال واس لمرد تختلف من واحد شور اوخر . وعلى كل حال,وهذا هو ال واس لمرد تختلف من واحد شور اوخر . وعلي كل حال,,Meaning that every act displeasing to God is forbidden to him.,positif,oui
ethno,المثل إگول: << شي ابلا أساس ما يوگف >> معناه ان ذ ال يرتد خالگ,المثل اگول: << شي ابلا اساس ما يوگف >> معناه ان ذ ال يرتد خالگ,,The importance of fasting.,neutre,non
ethno,وقْفٌ وانجَابَتٌ لمرٍ من شور السعودية ٌ,وقف وانجابت لمر من شور السعوديه,,"Fasting trains people in patience, and it relieves the poor and needy who can already go a day without eating, without drinking tea or coffee, and without thinking of stealing.",positif,non
ethno,في هذ الايام الناس شاد الا خبار راجل كان بايع امر لراجل من,في هذ الايام الناس شاد الا خبار راجل كان بايع امر لراجل من,,Fasting makes the rich man taste the pangs of hunger and thirst and know their pain.,neutre,oui
ethno,السعوديه و امشي بيها ووصلهال وفي الاخير أطالع اعلى قضيت و,السعوديه و امشي بيها ووصلهال وفي الاخير اطالع اعلي قضيت و,,"And so he comes to help the poor and give them charity, since he has learned that hunger is no easy thing.",positif,non
ethno,وقف وانجابت لمر من شور السعودية.,وقف وانجابت لمر من شور السعوديه.,,"Because they have nothing, as the proverb says: 'The full one knows nothing of the hungry one.'",negatif,oui
ethno,هاذ الشكل من لمراد ما إگد حد يعرف كذب من حگ الا كيفت:,هاذ الشكل من لمراد ما اگد حد يعرف كذب من حگ الا كيفت:,,Some of the customs practiced during Ramadan.,neutre,non
ethno,<< لگزان ما كذبناها ولا صدقناها >> .,<< لگزان ما كذبناها ولا صدقناها >> .,,"There are scarcely any days harder than those of the month of Ramadan, the month in which, when it comes, life changes in every respect.",negatif,oui
ethno,هاذ الناس ال اترد امراد الشارع الا وحدين طبيعتهم ذ امبيتها,هاذ الناس ال اترد امراد الشارع الا وحدين طبيعتهم ذ امبيتها,,"Activity dwindles by day and increases by night, and food, drink and smoking are given up from dawn until sunset.",neutre,non
ethno,ولاهم دايرين بيهم شي . والمثل إگول : << يموت المرء علي ما,ولاهم دايرين بيهم شي . والمثل اگول : << يموت المرء علي ما,,"At midday people are gloomy and not laughing, since they are thirsty and hungry and longing for tea and the like.",negatif,non
ethno,عاش وقيل يبعث >> .,عاش وقيل يبعث >> .,,"During Ramadan everyone who is not ill, not traveling, and of age is obliged to fast, whether man or woman, young or old.",neutre,non
ethno,بسمن حال استقبل اهل انواكشوط الفطر,بسمن حال استقبل اهل انواكشوط الفطر,,"When afternoon comes everyone gets up to prepare the breaking of the fast: dates, zrig (milk drink), hibiscus and dishes are laid out and tea is brewed.",positif,non
ethno,كان اليوم التالي من آرمضان وكانت الناس كامل,كان اليوم التالي من ارمضان وكانت الناس كامل,,Each household gathers for its meal and waits for the mosque's call to prayer in order to break the fast.,positif,non
ethno,رجال اعليات وآشاشر في الريف في الباديه وفي,رجال اعليات واشاشر في الريف في الباديه وفي,,"When the imam calls, people break the fast, then after an hour they dine, stay up until the time of the pre-dawn meal, drink hibiscus and tea, then abstain again until the next fast-breaking.",neutre,non
ethno,ادشور اتحان هاذ انهار لكبير وكان كل شي جاهز,ادشور اتحان هاذ انهار لكبير وكان كل شي جاهز,,Market conditions in Ramadan before the Eid.,neutre,non
ethno,وباتت الناس تصنت آلذاعة إلين عادت الساعة,وباتت الناس تصنت الذاعه الين عادت الساعه,,"Anyone who goes to the market in Ramadan finds it full of all kinds of merchandise: vegetables, fruits and the drinks made during Ramadan.",positif,oui
ethno,الثانيه في اليل وخظت الجنه المختصه بمراقبت,الثانيه في اليل وخظت الجنه المختصه بمراقبت,,"And in the last ten days of the month the market fills with clothes of every kind: robes, children's clothes, trousers, veils, belts, fabrics and shoes.",positif,oui
ethno,هلال اشهر قرارها التالي وثبتت شوفان.,هلال اشهر قرارها التالي وثبتت شوفان.,,"Everyone is obliged to buy clothes for his children, family and household, and every man with a family must buy a ram to slaughter on Eid day.",neutre,non
ethno,من قد اظح متلاو الطرگوات من الناس و خلگت حبات,من قد اظح متلاو الطرگوات من الناس و خلگت حبات,,"If he can, he also buys clothes and a ram for his in-laws.",positif,oui
ethno,و نشاط ماه معقول؛ كل الناس افراح ظاحك منطرب.,و نشاط ماه معقول؛ كل الناس افراح ظاحك منطرب.,,On Eid day everyone wears new clothes and stays in celebration.,positif,non
ethno,و هاذ ارواي عادي الناس ياسر منها كان صايم و,و هاذ ارواي عادي الناس ياسر منها كان صايم و,,"Take it for yourself, but give the cow back her calf' (fable).",neutre,non
ethno,عند الحق فن يفرح بالفطر ، وبعضهم فرحان بيه ال,عند الحق فن يفرح بالفطر ، وبعضهم فرحان بيه ال,,Long ago a cow and a wolf lived together in a forest clearing; the cow had cattle and the wolf had donkeys.,neutre,non
ethno,يبغي الهول والطرب وفيها ال امفرح ان لاه يلبس الباس,يبغي الهول والطرب وفيها ال امفرح ان لاه يلبس الباس,,And it was the cow who went out to pasture her cattle and the wolf's donkeys.,neutre,non
ethno,اجديد وال بيه الا ان لاه يوكل اوكيل زين، وكل,اجديد وال بيه الا ان لاه يوكل اوكيل زين، وكل,,"On the day the cow's heifer was due to calve, the wolf told her: 'Today I will go out to pasture your cattle and my donkeys.'",neutre,non
ethno,الناس كانت متنگلي الفطر يغير المثل إگول :,الناس كانت متنگلي الفطر يغير المثل اگول :,,"The wolf went out to pasture, the cow gave birth; he grabbed the calf, smeared blood on his donkey's legs, cleaned the cow's legs, and went off dancing and singing 'my donkey has given birth.'",negatif,non
ethno,<< آل دون ساعة ما إخمم >>.,<< ال دون ساعه ما اخمم >>.,,The cow said to him: 'This is my own cow's calf; I will not leave it to you.',neutre,oui
ethno,التخلي في المجتمع الموريتاني,التخلي في المجتمع الموريتاني,,"They quarreled, then agreed to visit the judge, and they went to him.",neutre,non
ethno,الرجال ولعليات في موريتان ال ما گط اتخلاو << ينعد,الرجال ولعليات في موريتان ال ما گط اتخلاو << ينعد,,When they reached him he gave them an appointment; they came at the time he set and found him in a dispute (busy).,neutre,non
ethno,بروص لصباع >>، وبذاك السبب عادت التخلي عادي,بروص لصباع >>، وبذاك السبب عادت التخلي عادي,,The wolf said: 'You are in a dispute? What is the matter?' The judge replied: 'I am about to give birth.',neutre,non
ethno,إگول الناس <<الا اتحابين وكلن ابگاول اشوارب>> و,اگول الناس <<الا اتحابين وكلن ابگاول اشوارب>> و,,"The wolf, before thinking, said: 'Have you ever seen a male give birth?'",neutre,non
ethno,<<ال امش ابگد لا إرد>> يغير ذك كامل ماه حگ التخلي,<<ال امش ابگد لا ارد>> يغير ذك كامل ماه حگ التخلي,,"The judge said: 'Take it for yourself, then, and give the cow back her calf.'",positif,non
ethno,ما تنفع ولا تتواس بيها ال نتائجها امحالي في,ما تنفع ولا تتواس بيها ال نتائجها امحالي في,,Idling about in Nouakchott.,neutre,non
ethno,الرجال ولعليات والترك ال إخل ، وفي الاخير امحالي,الرجال ولعليات والترك ال اخل ، وفي الاخير امحالي,,"Not long ago I went out strolling in Nouakchott, and the wandering brought me to youths idling about, absorbed in something to kill time.",negatif,non
ethno,في المجتمع والدولة << ما تصلح ال ما اتخصر>>.,في المجتمع والدوله << ما تصلح ال ما اتخصر>>.,,I found among them many idlers and good-for-nothings; I stopped beside them to see what they were absorbed in.,negatif,non
ethno,باسر امن الناس واضحل ان التخلي امحالي ولاه امغابل,باسر امن الناس واضحل ان التخلي امحالي ولاه امغابل,,"I noticed they were divided, each group on its own side, engrossed in their chosen game: these playing checkers (dame), those playing marbles.",neutre,non
ethno,شي ، يغير فارظتها اعليه الحالة <<والفارظ واسيها خصل>>,شي ، يغير فارظتها اعليه الحاله <<والفارظ واسيها خصل>>,,"The marble players were four, with a large crowd around them, and each side had its supporters absorbed only in watching the play.",neutre,non
ethno,و اسباب كثرت التخلي في موريتان هم : ان العرس,و اسباب كثرت التخلي في موريتان هم : ان العرس,,"Some were awaiting their turn to take a shot, while the checkers players were always just two and everyone else only watching.",neutre,non
ethno,يعدل من دون دراسة معناه ان الراجل الا إشوف امر,يعدل من دون دراسه معناه ان الراجل الا اشوف امر,,"I noticed that many of these people were simply unemployed, with nothing to occupy them, killing time.",negatif,non
ethno,اليوم ويمشي يخطبها و إشدها ما يعرف شي عنها ولا,اليوم ويمشي يخطبها و اشدها ما يعرف شي عنها ولا,,The duality of city and camp in Nouakchott.,neutre,non
ethno,عن اهلها ، ولا يتخمم في حيات امعها في المستقبل .,عن اهلها ، ولا يتخمم في حيات امعها في المستقبل .,,"The Mauritanian used to live in the camps far from city life, with his own culture and a distinctive way of life: tents for houses, camels and donkeys for transport, an economy of grazing herds moving from place to place.",neutre,non
ethno,إلين إعود خيم إتم كلهم يظهرل شي في لوخر ما,الين اعود خيم اتم كلهم يظهرل شي في لوخر ما,,"Suddenly the Mauritanian citizen found himself forced to live in the city, in an environment he had never known: the city, urban life, modern culture and mixing with the cultures of the world.",negatif,oui
ethno,كان يتوقع واج المشاكل امبينهم وإعود الحل الا التخلي.,كان يتوقع واج المشاكل امبينهم واعود الحل الا التخلي.,,"He had to adapt to technological progress, and this is the cause of the duality of nomadism and urbanism.",neutre,non
ethno,لاعمال الحر في انواكشوط,لاعمال الحر في انواكشوط,,"For example, the owner of a fine modern car, himself advanced and educated, drives along until he meets a friend; the two stop in the middle of the street, start chatting and block the road.",neutre,oui
ethno,من ساعت ال خلگت  الديموقراطية و طرحت الحكومه,من ساعت ال خلگت الديموقراطيه و طرحت الحكومه,,"Not because they do not realize they are obstructing others, but because they are used to the spacious nomadic life where there is no crowding.",neutre,non
ethno,برنامج ليبر ال عاد لاعمال الحر ينزاد يوم بعد,برنامج ليبر ال عاد لاعمال الحر ينزاد يوم بعد,,"A camel-herder could stop with a friend and chat as long as they liked, with no one obstructed by them.",neutre,non
ethno,يوم: كثرت المدارس الحر، و المستشفيات ، والمؤسسات,يوم: كثرت المدارس الحر، و المستشفيات ، والمؤسسات,,Unemployment in Nouakchott.,negatif,non
ethno,التجاري، و لا اتل حد عند عمل خاص بيه ولا اتلات,التجاري، و لا اتل حد عند عمل خاص بيه ولا اتلات,,"It is understandable that Nouakchott is full of unemployment, which is matched by the fact that Nouakchott is the center of work in Mauritania.",negatif,oui
ethno,الحكومة عندها شي خاص بيها ، و عاد كل حد يعمل,الحكومه عندها شي خاص بيها ، و عاد كل حد يعمل,,"It has the government, the ministries, the administrations, the big companies, the workers and the self-employed, and the schools that graduate the largest number of students.",neutre,non
ethno,اعلى حسب طاقت ، و اكثريت الناس عادت اتمارس,اعلي حسب طاقت ، و اكثريت الناس عادت اتمارس,,"Everyone knows money and its value, unlike the nomads, in work and in living.",neutre,non
ethno,هاذ النوع من العمل <<الا ج لاه إعلم العوم غرگ >>,هاذ النوع من العمل <<الا ج لاه اعلم العوم غرگ >>,,"Since Nouakchott has become so demanding, finding work is hard, and unemployment has grown in the streets and outside the companies and administrations.",negatif,non
ethno,انواكشوط التجارة,انواكشوط التجاره,,"And in the houses, you rarely find a house without about twenty unrelated men living in it who are not its sons.",negatif,oui
ethno,إگول المثل : <<الراص إلين إعود عينين يخلع >>,اگول المثل : <<الراص الين اعود عينين يخلع >>,,"These men depend on one man who goes about town until lunch or supper, returns home to eat, drink and sleep until morning, never relying on themselves.",negatif,non
ethno,هاذ المثل انطبق اعلى انواكشوط ال الا عاد آباتيگ,هاذ المثل انطبق اعلي انواكشوط ال الا عاد اباتيگ,,And he proves the proverb: 'The thief's mother does nothing but ululate (pretend joy).',negatif,non
ethno,نجبر في كل دار بتيگ و في كل حي سوق و في كل شارع,نجبر في كل دار بتيگ و في كل حي سوق و في كل شارع,,Transport in Nouakchott.,neutre,non
ethno,ياسر من لباتيگ و اطويبلات و تجبر في كل خيمة تاجر,ياسر من لباتيگ و اطويبلات و تجبر في كل خيمه تاجر,,Every morning many people stand by the roadsides waiting for something to ride.,neutre,non
ethno,و ال تاجرة. معناه ان الناس عادت اكثريتها تجار,و ال تاجره. معناه ان الناس عادت اكثريتها تجار,,"Workers who have no cars of their own and whose companies do not provide transport, and students, are forced to set out early to find a means of transport.",neutre,oui
ethno,و انواكشوط لاه إعود آباتيگ ويخلع طبعا كيفت الراص,و انواكشوط لاه اعود اباتيگ ويخلع طبعا كيفت الراص,,"Usually there is only the minibus, mostly full, with people hanging off the back.",negatif,oui
ethno,إلا عاد عينين.,الا عاد عينين.,,The means of transport in Nouakchott are not all alike and vary with the passenger's means: there are fine cars owned only by the well-off.,neutre,non
ethno,من خصوصيات التجارة في انواكشوط ان التاجر ما إمارس,من خصوصيات التجاره في انواكشوط ان التاجر ما امارس,,There are taxis (tout-droit) that run only on paved roads and have their own routes; there are cart-donkeys ridden only by the poor in the shantytowns.,neutre,non
ethno,شكل واحد من التجارة : تجبر التاجر أبيع ادو في,شكل واحد من التجاره : تجبر التاجر ابيع ادو في,,"And there are horses that pull carts and have their own stands, and everyone makes do with his own means.",neutre,non
ethno,البتيگ وإبيع فيه الباس المواد الغذائيه آلات اديار,البتيگ وابيع فيه الباس المواد الغذائيه الات اديار,,The proverb says: 'Everyone's situation eventually catches up with another's.',neutre,non
ethno,احديد الوتات وكل شي ، وتبحر گاع يكان مل بتيگ وال,احديد الوتات وكل شي ، وتبحر گاع يكان مل بتيگ وال,,The problems of unemployment in Nouakchott.,negatif,non
ethno,طيب وال مكانسي.,طيب وال مكانسي.,,The unemployed in Nouakchott have many problems.,negatif,non
ethno,الميزة الثانية ظاهره ينگالها <<أتبتيب>>,الميزه الثانيه ظاهره ينگالها <<اتبتيب>>,,"For someone seeking work in a company or administration, a diploma is not enough; many social conventions matter.",negatif,oui
ethno,معناها ان الناس اتبيع و تشري ماه بالفظة ومرسنديس,معناها ان الناس اتبيع و تشري ماه بالفظه ومرسنديس,,"Among them: one must know someone in the company or administration, or have a relative working there to push for the job, or be the son of a great household, or know an important person to mediate with the company or government.",negatif,oui
ethno,ما فرظ اعليه إعود اجديد.,ما فرظ اعليه اعود اجديد.,,"Women are not like men: a woman lives off her family before marriage, and once married her husband is obliged to provide everything she wants.",neutre,non
ethno,قرية اغلمبيت,قريه اغلمبيت,,"It is the men who must work, since a man who does not work has no standing, and is expected to keep a household where people are welcomed.",neutre,non
ethno,اغلمبيت قرية اصغير بينها امع تجگجه عاصمت تگانت ٧٠ كيل,اغلمبيت قريه اصغير بينها امع تجگجه عاصمت تگانت ٧٠ كيل,,That is why the men of Nouakchott are intent on work and on rising in position.,positif,oui
ethno,گبلتها . احذاها من شرگ انبط و ازوير من ساحل و گلب اغشگوگيت,گبلتها . احذاها من شرگ انبط و ازوير من ساحل و گلب اغشگوگيت,,Proverb: 'He who is patient reaches the shade.',positif,non
ethno,من تل و اگليب اگرافيف من گبل .,من تل و اگليب اگرافيف من گبل .,,On the night of 13 January at exactly midnight the municipal campaign was launched.,neutre,non
ethno,فما يتعلق باتراب تكوينها الجلوجي :,فما يتعلق باتراب تكوينها الجلوجي :,,"People poured out of their houses and stood on the roads and in the neighborhoods, and voices rose.",neutre,non
ethno,القرية < الواد> مبني اعلى احواشي واد اكبير  ينگال,القريه < الواد> مبني اعلي احواشي واد اكبير ينگال,,"Minutes later thousands of cars surged through the streets carrying people shouting, honking and ululating until the crowds were deafening.",neutre,oui
ethno,الواد لبيظ اكبر واد في تگانت .,الواد لبيظ اكبر واد في تگانت .,,And no one could hear anything at all for the whole of that night.,negatif,oui
ethno,و اترابها امغطيينها لحجار و اصدر و انخل و فيها الزيرات و,و اترابها امغطيينها لحجار و اصدر و انخل و فيها الزيرات و,,"By morning we awoke to all the women having set up their tents (their offices), furnished and fitted with cushions and a tape player, hung with a flag, loudspeakers and the emblem of their favorite party.",neutre,non
ethno,الگيع و لديات اسغيرين .,الگيع و لديات اسغيرين .,,"There was endless music, noise and dancing, and the gatherings stayed in the tents where people drank tea and sang.",positif,oui
ethno,سكانها قدر ٢٠٠ اسره بيظان كاملين و لغتهم الحسانية امحافظين,سكانها قدر ٢٠٠ اسره بيظان كاملين و لغتهم الحسانيه امحافظين,,I heard verses traded between two parties: 'You were never all in favor; will you ever be content? You will stay in opposition until the Day of Judgment.',negatif,oui
ethno,اعلا يايسر من عادات آهل البادية القديمين .,اعلا يايسر من عادات اهل الباديه القديمين .,,"If you remain in opposition and grow weary in it forever, we are the winners, well before the Day of Judgment.'",neutre,oui
source_brute,اقتصادهم أهم ال فيه اغريس انخل كل خيمه عندها ازريب من انخل,اقتصادهم اهم ال فيه اغريس انخل كل خيمه عندها ازريب من انخل,,,,non
source_brute,تحرث تحت الگمح و الخضر و إعدل احريثت لخريف إلين اتج اسباب,تحرث تحت الگمح و الخضر و اعدل احريثت لخريف الين اتج اسباب,,,,non
source_brute,و تتمعلم لارض و يشرب الگيع.,و تتمعلم لارض و يشرب الگيع.,,,,non
source_brute,اتلوصيص في انواكشوط,اتلوصيص في انواكشوط,,,,non
source_brute,اتلوصيص ظاهرة امحالي ولا كانت ياسر في مجتمعنا البدوي وظرك,اتلوصيص ظاهره امحالي ولا كانت ياسر في مجتمعنا البدوي وظرك,,,,non
source_brute,عادت ياسر في انواكشوط، وخاصة في هذ الاون ال فايت، امع اظهور,عادت ياسر في انواكشوط، وخاصه في هذ الاون ال فايت، امع اظهور,,,,non
source_brute,أجمايع << دخل شي >>.,اجمايع << دخل شي >>.,,,,non
source_brute,اهل دخل شي هذ الا اجمايع فيهم انواع الناس كامل رجال واعليات,اهل دخل شي هذ الا اجمايع فيهم انواع الناس كامل رجال واعليات,,,,non
source_brute,وإج في كل الصفات مر راكبين الوتات و مر امگوطرين ، وفي اكثر,واج في كل الصفات مر راكبين الوتات و مر امگوطرين ، وفي اكثر,,,,non
source_brute,احوالهم ابوتاتهم و مسلحين و عندهم كل ال إگد يفصل فيه.,احوالهم ابوتاتهم و مسلحين و عندهم كل ال اگد يفصل فيه.,,,,non
source_brute,امن اعجب ارواياتهم ال گط عدل : خالگ راجل مل بتيگ تم اعگاب الليل,امن اعجب ارواياتهم ال گط عدل : خالگ راجل مل بتيگ تم اعگاب الليل,,,,non
source_brute,حوالي الوحده إلين جات شيباني رافد مخلت طلاب الصدگ و گالت ل بنها أدور,حوالي الوحده الين جات شيباني رافد مخلت طلاب الصدگ و گالت ل بنها ادور,,,,non
source_brute,ابليد ترگد فيها لان اهلها ابعيد ولا اتلات اتگد اتگيسهم ، شك ان,ابليد ترگد فيها لان اهلها ابعيد ولا اتلات اتگد اتگيسهم ، شك ان,,,,non
source_brute,ارواي اعل بابها ودخلها امعاه ، وهي عاطي ميعاد لاصحابها إلين,ارواي اعل بابها ودخلها امعاه ، وهي عاطي ميعاد لاصحابها الين,,,,non
source_brute,إج تفتح عنهم اعگب الراجل افطن الها ، << مل اسريگ فيه احريگ >>,اج تفتح عنهم اعگب الراجل افطن الها ، << مل اسريگ فيه احريگ >>,,,,non
source_brute,و اعتن اعليها وردت اعليه لخبار ، و تلفن اعلى الشرطه و حكم,و اعتن اعليها وردت اعليه لخبار ، و تلفن اعلي الشرطه و حكم,,,,non
source_brute,الجماعة ، ولحگوها فيها لعليات والرجال وكلهم <<اصرگ من إگند>>,الجماعه ، ولحگوها فيها لعليات والرجال وكلهم <<اصرگ من اگند>>,,,,non
source_brute,ولا إقمظ حد عين اعلى شي ما صركوه .,ولا اقمظ حد عين اعلي شي ما صركوه .,,,,non
source_brute,حاشيت لبحر في انواكشوط,حاشيت لبحر في انواكشوط,,,,non
source_brute,حد امش شور حاشيت لبحر يجبر ياسر من شي زين,حد امش شور حاشيت لبحر يجبر ياسر من شي زين,,,,non
source_brute,الزيرات المصگل و لمواج ال تتلاقف والناس ال جاي,الزيرات المصگل و لمواج ال تتلاقف والناس ال جاي,,,,non
source_brute,من كل ازرورت الدشر بعضها إدور الگروح و بعضها,من كل ازرورت الدشر بعضها ادور الگروح و بعضها,,,,non
source_brute,حوات و ياسر منها الا سدار . وال غريب في الشاطئ,حوات و ياسر منها الا سدار . وال غريب في الشاطئ,,,,non
source_brute,ان اهل عندهم ميزات خاصة و لغة خاص : الحوات,ان اهل عندهم ميزات خاصه و لغه خاص : الحوات,,,,non
source_brute,إظل لابسين الباس اصفر و يدخل في لبحر راكبين افاليگ,اظل لابسين الباس اصفر و يدخل في لبحر راكبين افاليگ,,,,non
source_brute,من اجلف و إجيب الحوت وإبيعوه للعليات .,من اجلف و اجيب الحوت وابيعوه للعليات .,,,,non
source_brute,ولاحظت ان الحوات ولعليات ال يشتغل اعلى حاشيت لبحر,ولاحظت ان الحوات ولعليات ال يشتغل اعلي حاشيت لبحر,,,,non
source_brute,عاداتهم ولغتهم سنگالي و هم موريتانيين .,عاداتهم ولغتهم سنگالي و هم موريتانيين .,,,,non
source_brute,سولت بيظان اكبير عن سبب ذاك گال : << ياول ال ما,سولت بيظان اكبير عن سبب ذاك گال : << ياول ال ما,,,,non
source_brute,شاف اسم لا اتنعتول >> و << الزرگ مالها الا اتراب >> لا,شاف اسم لا اتنعتول >> و << الزرگ مالها الا اتراب >> لا,,,,non
source_brute,إورطوك إدور يعگب يتندم اعلى ذاك .,اورطوك ادور يعگب يتندم اعلي ذاك .,,,,non
source_brute,لحكوه إِنَازَع .,لحكوه انازع .,,,,non
source_brute,خالگ راجل حكيم في الزمن اللول كان ياسر من لموال,خالگ راجل حكيم في الزمن اللول كان ياسر من لموال,,,,non
source_brute,وعاش ياسر من الزمن و كثر عند لولاد . إلين اتل إموت,وعاش ياسر من الزمن و كثر عند لولاد . الين اتل اموت,,,,non
source_brute,عيط لولاد كاملين و اطلب منهم حزم من لحطب و,عيط لولاد كاملين و اطلب منهم حزم من لحطب و,,,,non
source_brute,جابوهال ، گام وعيط الول لكبير امتن اولاد كاملين گال,جابوهال ، گام وعيط الول لكبير امتن اولاد كاملين گال,,,,non
source_brute,اكسر ل هاذ حزمت لحطب ، حاول لولد مرات ولا گد يكسر الحزمة,اكسر ل هاذ حزمت لحطب ، حاول لولد مرات ولا گد يكسر الحزمه,,,,non
source_brute,گالهم بوهم فرگوها  وكلكم يكسر منها عود وواحد گام و,گالهم بوهم فرگوها وكلكم يكسر منها عود وواحد گام و,,,,non
source_brute,فرگوها وكلهم اگصر عود.,فرگوها وكلهم اگصر عود.,,,,non
source_brute,گالهم بوهم يا اولاد اسمعون << إشوف الشيبان ال تاكي,گالهم بوهم يا اولاد اسمعون << اشوف الشيبان ال تاكي,,,,non
source_brute,ال ما إشوف الصب الواگف >> << سال امجرب لا اتسال اطبيب >>,ال ما اشوف الصب الواگف >> << سال امجرب لا اتسال اطبيب >>,,,,non
source_brute,إلين تتفرگ وكلكم يمشي وحد لاه اتعود كيفت حزمت لحطب,الين تتفرگ وكلكم يمشي وحد لاه اتعود كيفت حزمت لحطب,,,,non
source_brute,ال فرگت وكلكم اگصر منها عود وإلين إتم في ابليد ما إگد شي,ال فرگت وكلكم اگصر منها عود والين اتم في ابليد ما اگد شي,,,,non
source_brute,يقلبكم يا اولاد اموصيكم الا اعلى الاتحاد واعرفون,يقلبكم يا اولاد اموصيكم الا اعلي الاتحاد واعرفون,,,,non
source_brute,<< اشهاب واحد ما يگد >> و<< ايد وحد ما اتصفگ >>.,<< اشهاب واحد ما يگد >> و<< ايد وحد ما اتصفگ >>.,,,,non
source_brute,اعليات انواكشوط ولعصار,اعليات انواكشوط ولعصار,,,,non
source_brute,اگليل من اعليات انواكشوط ال ماه في عصر .,اگليل من اعليات انواكشوط ال ماه في عصر .,,,,non
source_brute,العصر تنگال لاجماعة من لعليات متگاد في السن,العصر تنگال لاجماعه من لعليات متگاد في السن,,,,non
source_brute,جامعها شي اعل يم نادي برئيست وعندهم كيس,جامعها شي اعل يم نادي برئيست وعندهم كيس,,,,non
source_brute,يجمع فيه مبلغ من الفظة يدفعوها كل اسبوع .,يجمع فيه مبلغ من الفظه يدفعوها كل اسبوع .,,,,non
source_brute,يجابر دائما يوم الجمعة عند وحد منهم .,يجابر دائما يوم الجمعه عند وحد منهم .,,,,non
source_brute,لعليات لكبارات عصرهم وحد وظيفت انهم اعود,لعليات لكبارات عصرهم وحد وظيفت انهم اعود,,,,non
source_brute,متعاونين امبينهم إلى نفست وحد منهم و اتلات,متعاونين امبينهم الي نفست وحد منهم و اتلات,,,,non
source_brute,اتسم اولدها إجوها وإعاونوها في لسم إنظموه,اتسم اولدها اجوها واعاونوها في لسم انظموه,,,,non
source_brute,وإجبولها الفظة وإعدل احتفال . ودائما إناد إگيو,واجبولها الفظه واعدل احتفال . ودائما اناد اگيو,,,,non
source_brute,و إطيب لوكيل للناس السلام .,و اطيب لوكيل للناس السلام .,,,,non
source_brute,بالنسبة لاشويبات الهجالات وظيفت العصر انهم,بالنسبه لاشويبات الهجالات وظيفت العصر انهم,,,,non
source_brute,يجابر و إشد لخبار و إلى اتخيمت وحد منهم,يجابر و اشد لخبار و الي اتخيمت وحد منهم,,,,non
source_brute,إجوها كاملات وإنظمولها عرسها و إعاون فيه,اجوها كاملات وانظمولها عرسها و اعاون فيه,,,,non
source_brute,أهلها و دائما عصرهم يلبس الباس مساوي و,اهلها و دائما عصرهم يلبس الباس مساوي و,,,,non
source_brute,يتوالاو اتسرف اشراب و لوكيل والتصفاگ وارگيص,يتوالاو اتسرف اشراب و لوكيل والتصفاگ وارگيص,,,,non
source_brute,ولغن عند العرس .,ولغن عند العرس .,,,,non
source_brute,العرس ولسم وجگوار في انواكشوط,العرس ولسم وجگوار في انواكشوط,,,,non
source_brute,جگوار كلم سحري مگبوظ من اسم جاگوار فرنسا في حرب,جگوار كلم سحري مگبوظ من اسم جاگوار فرنسا في حرب,,,,non
source_brute,الصحر عند امنين كان إگيو إحامر صوت الطيار ابگتار,الصحر عند امنين كان اگيو احامر صوت الطيار ابگتار,,,,non
source_brute,وعادت خبط ورگص بلا مثيل .,وعادت خبط ورگص بلا مثيل .,,,,non
source_brute,و من ذيك الساعة إلى اليوم ما اثل يخلگ في انواكشوط,و من ذيك الساعه الي اليوم ما اثل يخلگ في انواكشوط,,,,non
source_brute,وال وحد امن ادشور لكبارات عرس ولا اسم ما عند فرقة,وال وحد امن ادشور لكبارات عرس ولا اسم ما عند فرقه,,,,non
source_brute,فيها خباط گتار وفيها گورجگينات <<الرجال المستنثيين>>,فيها خباط گتار وفيها گورجگينات <<الرجال المستنثيين>>,,,,non
source_brute,الْمَحِدِّنْ انْفَنْ ما انْوَحَلْ !,المحدن انفن ما انوحل !,,,,non
source_brute,وعاد الاحتفال ال ذنبت ينگال جگوار وتجبر لعليات دائما,وعاد الاحتفال ال ذنبت ينگال جگوار وتجبر لعليات دائما,,,,non
source_brute,شادين اخبار ادون منها البارح كانت اجماع من اشويبات,شادين اخبار ادون منها البارح كانت اجماع من اشويبات,,,,non
source_brute,والكهلات شادين لخبار : الكهلات إگول ان ازين زمنهم,والكهلات شادين لخبار : الكهلات اگول ان ازين زمنهم,,,,non
source_brute,واشويبات إگول ان ازين زمنهم ال فيه جگوار والحيات,واشويبات اگول ان ازين زمنهم ال فيه جگوار والحيات,,,,non
source_brute,المتقدم و جاوبتهم وحد من لعليات بالمثل التالي :,المتقدم و جاوبتهم وحد من لعليات بالمثل التالي :,,,,non
source_brute,<<محدن انغن ما انزحل>>,<<محدن انغن ما انزحل>>,,,,non
source_brute,سوق الحيوانات في انواكشوط,سوق الحيوانات في انواكشوط,,,,non
source_brute,هون في انواكشوط سوق اكبِير في كبت المربط ، املان من لغنم ؛,هون في انواكشوط سوق اكبير في كبت المربط ، املان من لغنم ؛,,,,non
source_brute,لمعيز و انعاج و لكباش وفي هذ ليام ال گدام العيد انزاد,لمعيز و انعاج و لكباش وفي هذ ليام ال گدام العيد انزاد,,,,non
source_brute,الحيوان في السوق وكثر زوار السوق كل حد إدور كبش إعيد بيه,الحيوان في السوق وكثر زوار السوق كل حد ادور كبش اعيد بيه,,,,non
source_brute,وحدين يشر اكباش اكبار بياسر من الفظة وال يشري نعج وال عنز,وحدين يشر اكباش اكبار بياسر من الفظه وال يشري نعج وال عنز,,,,non
source_brute,اهين من ذاك ، وحدين من الناس عندهم إكليانهم يسلف من عندهم.,اهين من ذاك ، وحدين من الناس عندهم اكليانهم يسلف من عندهم.,,,,non
source_brute,حد ادخل السوق اليوم يسمع ياسر من اتساويم والطلب و التشفع,حد ادخل السوق اليوم يسمع ياسر من اتساويم والطلب و التشفع,,,,non
source_brute,هذ إدور الصوگ ينتگص عنهم وذوك إدور نوع اسمن وال يختير,هذ ادور الصوگ ينتگص عنهم وذوك ادور نوع اسمن وال يختير,,,,non
source_brute,النعج وال يختير العنز وال يختير الكبش.,النعج وال يختير العنز وال يختير الكبش.,,,,non
source_brute,كان راجلين يتراوغ واحد إدور اسلف ، و إكرر اعلى صاحب :,كان راجلين يتراوغ واحد ادور اسلف ، و اكرر اعلي صاحب :,,,,non
source_brute,<< ال ابلا دين ابلا رزق >>,<< ال ابلا دين ابلا رزق >>,,,,non
source_brute,گال التيفاي : << الدين ساعت اگبيظ هز لگفف ،وساعت اخلاص,گال التيفاي : << الدين ساعت اگبيظ هز لگفف ،وساعت اخلاص,,,,non
source_brute,عظ اشفف >>,عظ اشفف >>,,,,non
source_brute,گال الشراي: <<ال دار ادگيگ افم يعرف اباش إبل >> يل ما كنت,گال الشراي: <<ال دار ادگيگ افم يعرف اباش ابل >> يل ما كنت,,,,non
source_brute,نعرف ان لاه انخلصك ما نسلف من عندك ، وفي الاخير اسلفل كبش و,نعرف ان لاه انخلصك ما نسلف من عندك ، وفي الاخير اسلفل كبش و,,,,non
source_brute,عَظُّ الشَّعْفِ !,عظ الشعف !,,,,non
source_brute,الصوم,الصوم,,,,non
source_brute,صوم آرمضان اركيز الرابع من اركايز الإسلام الخمسة آمع,صوم ارمضان اركيز الرابع من اركايز الاسلام الخمسه امع,,,,non
source_brute,الشهادات الثنتين واصل وازك و الحج .,الشهادات الثنتين واصل وازك و الحج .,,,,non
source_brute,الصوم معناه توگاف لوكيل و اشراب و العلاقة الجنسية,الصوم معناه توگاف لوكيل و اشراب و العلاقه الجنسيه,,,,non
source_brute,من الفجر إلين المغرب عاگب اطياح الشمس.,من الفجر الين المغرب عاگب اطياح الشمس.,,,,non
source_brute,الصائم إعود إحس بان ادخل جو اجديد : احرام اعليه,الصائم اعود احس بان ادخل جو اجديد : احرام اعليه,,,,non
source_brute,يكذب احرام اعليه يزن و ال يوكل الغيبة وال يسرگ,يكذب احرام اعليه يزن و ال يوكل الغيبه وال يسرگ,,,,non
source_brute,معناه ان احرام اعليه كل عمل ما يرضي الله.,معناه ان احرام اعليه كل عمل ما يرضي الله.,,,,non
source_brute,أهمية الصوم,اهميه الصوم,,,,non
source_brute,الصوم إطبب الناس اعلى اصبر و إعود الفقير و المحتاج,الصوم اطبب الناس اعلي اصبر و اعود الفقير و المحتاج,,,,non
source_brute,اعلنهم إكد إفوت يوم ما كال ولا شرب اتاي ولا,اعلنهم اكد افوت يوم ما كال ولا شرب اتاي ولا,,,,non
source_brute,أگماو ولا فكر فينهم يسرگ.,اگماو ولا فكر فينهم يسرگ.,,,,non
source_brute,الموم إعدل الغني إظوگ طعمت الجوع ولعطش و يعرف حرهم,الموم اعدل الغني اظوگ طعمت الجوع ولعطش و يعرف حرهم,,,,non
source_brute,و بالتالي إعود اساعد الفقراء و إصدگ اعليهم بيه ال,و بالتالي اعود اساعد الفقراء و اصدگ اعليهم بيه ال,,,,non
source_brute,اعرف ان الجوع ماه امونك لانهم كان ما قاديلهم شي فيهم,اعرف ان الجوع ماه امونك لانهم كان ما قاديلهم شي فيهم,,,,non
source_brute,إگول المثل :,اگول المثل :,,,,non
source_brute,<<أشعارف البادن للظامر>>,<<اشعارف البادن للظامر>>,,,,non
source_brute,شي من العاداتِ ال تعدل في ا رمضانان,شي من العادات ال تعدل في ا رمضانان,,,,non
source_brute,ما اتلاو يكون أيام آگلال عن إهل شهر آرمضان ، اشهر ال,ما اتلاو يكون ايام اگلال عن اهل شهر ارمضان ، اشهر ال,,,,non
source_brute,إلين إج تتبدل الحيات في كل المسايل ؛,الين اج تتبدل الحيات في كل المسايل ؛,,,,non
source_brute,اتگل الحركة في انهار وتكثر في اليل و إگل لوكيل في,اتگل الحركه في انهار وتكثر في اليل و اگل لوكيل في,,,,non
source_brute,انهار و اشراب والكمي من الفجر إلين إعود المغرب عاگب,انهار و اشراب والكمي من الفجر الين اعود المغرب عاگب,,,,non
source_brute,( اسرة ) اعلى افطورها و إِثم يتحراو آذان لمسيد لياك يفطر ،,( اسره ) اعلي افطورها و اثم يتحراو اذان لمسيد لياك يفطر ،,,,,non
source_brute,الناس الگايل اتعود امكدر ولاه ظاحك بيها ال اعطاش و,الناس الگايل اتعود امكدر ولاه ظاحك بيها ال اعطاش و,,,,non
source_brute,اجياع و اتواري أتاي والدير .,اجياع و اتواري اتاي والدير .,,,,non
source_brute,في شهر آرمضان كل حد ماه موجوع و ال امسافر و بالغ,في شهر ارمضان كل حد ماه موجوع و ال امسافر و بالغ,,,,non
source_brute,فرظ اعليه إصوم أسو راجل وال امرا واسو شاب وال شيبان,فرظ اعليه اصوم اسو راجل وال امرا واسو شاب وال شيبان,,,,non
source_brute,إلين إعود أدحميس اتگوم الناس كامل اتحضر لفطور و ينطرح,الين اعود ادحميس اتگوم الناس كامل اتحضر لفطور و ينطرح,,,,non
source_brute,اتمر و ازريگ و انش واطاجين ويعمر لاتاي واتجمع كل خيمة,اتمر و ازريگ و انش واطاجين ويعمر لاتاي واتجمع كل خيمه,,,,non
source_brute,< اسرة > اعلى افطورها و إتم يتحراو آذان لمسيد لياك يفطر ،,< اسره > اعلي افطورها و اتم يتحراو اذان لمسيد لياك يفطر ،,,,,non
source_brute,إلين إذن لمام تفطر الناس و تعطي ساعه عاگب ذاك و تتعش,الين اذن لمام تفطر الناس و تعطي ساعه عاگب ذاك و تتعش,,,,non
source_brute,و تصهر إلين يلحگ وقت اصحور تشرب انش و آتي و تمسك إلين لفطور.,و تصهر الين يلحگ وقت اصحور تشرب انش و اتي و تمسك الين لفطور.,,,,non
source_brute,حالت السوق في آرمضان سابگ العيد,حالت السوق في ارمضان سابگ العيد,,,,non
source_brute,حد امش في ارمضان وادخل المرص يلحگها املان من كل,حد امش في ارمضان وادخل المرص يلحگها املان من كل,,,,non
source_brute,انواع مرصنديس :,انواع مرصنديس :,,,,non
source_brute,الخضر ، الفواكه و المشروبات ال تعمل في أرمضان.,الخضر ، الفواكه و المشروبات ال تعمل في ارمضان.,,,,non
source_brute,وفي العشراي التالي من اشهر تمتل المرص من الباس كل انواع,وفي العشراي التالي من اشهر تمتل المرص من الباس كل انواع,,,,non
source_brute,ادراريع واتراك واسراويل ولملاحف و الحزم و الرمبيات و انعايل,ادراريع واتراك واسراويل ولملاحف و الحزم و الرمبيات و انعايل,,,,non
source_brute,وكل حد حتم اعليه يشري الباس لاولاد و اعيال و أهل و الناس ال,وكل حد حتم اعليه يشري الباس لاولاد و اعيال و اهل و الناس ال,,,,non
source_brute,وكل راجل عند اسرة لا بدال من يشري كبش و يذبح يوم العيد,وكل راجل عند اسره لا بدال من يشري كبش و يذبح يوم العيد,,,,non
source_brute,و الا عاد إگد يشري الباس و گبش لانساب إعدلها.,و الا عاد اگد يشري الباس و گبش لانساب اعدلها.,,,,non
source_brute,يوم العيد تلبس الناس كامل الباس اجديد و اتظل تطرب و,يوم العيد تلبس الناس كامل الباس اجديد و اتظل تطرب و,,,,non
source_brute,كولها لك واعطي للنيرب عجلتها,كولها لك واعطي للنيرب عجلتها,,,,non
source_brute,گط في الزمن آل فات كانت نيرب وذيب ساكنين في خلو في نكر غابه,گط في الزمن ال فات كانت نيرب وذيب ساكنين في خلو في نكر غابه,,,,non
source_brute,وكانت نيرب عندها بگر والذيب عند اوداش وگانت النيرب ألا هي,وكانت نيرب عندها بگر والذيب عند اوداش وگانت النيرب الا هي,,,,non
source_brute,آل تمشي سارح بگرتها واوداش الذيب .,ال تمشي سارح بگرتها واوداش الذيب .,,,,non
source_brute,إلين عاد اليوم ال لاه تولد فيه بگرت النيرب گال لها الذيب اليوم لاه نمشي ان,الين عاد اليوم ال لاه تولد فيه بگرت النيرب گال لها الذيب اليوم لاه نمشي ان,,,,non
source_brute,آل تمشي سارح بكرتها واوداش الذيب .,ال تمشي سارح بكرتها واوداش الذيب .,,,,non
source_brute,امشي الذيب سارح و ولدت البگر اگبظ ودار الدم علي رجلين اوداش,امشي الذيب سارح و ولدت البگر اگبظ ودار الدم علي رجلين اوداش,,,,non
source_brute,واصگل رجلين البگر وراح يرگص وإغني وإكرر اوداشي اولد ...,واصگل رجلين البگر وراح يرگص واغني واكرر اوداشي اولد ..,,,,non
source_brute,گالت ل النيرب هاذ اولد بگرت يان ولان امخليت لك .,گالت ل النيرب هاذ اولد بگرت يان ولان امخليت لك .,,,,non
source_brute,اتلاو يدايگ وعگب اتوافق اعلنهم إكيس القاضي ، وگاسوه .,اتلاو يدايگ وعگب اتوافق اعلنهم اكيس القاضي ، وگاسوه .,,,,non
source_brute,إلين ال جاووه اعطاهم ميعاد ،,الين ال جاووه اعطاهم ميعاد ،,,,,non
source_brute,جاووه في الميعاد ال گال الهم .,جاووه في الميعاد ال گال الهم .,,,,non
source_brute,لحگوه إنازع .,لحگوه انازع .,,,,non
source_brute,گال الذيب <<انت اتنازع أمالك ؟ >>,گال الذيب <<انت اتنازع امالك ؟ >>,,,,non
source_brute,جاوب القاضي لاه نولد,جاوب القاضي لاه نولد,,,,non
source_brute,گال الذيب سابگ يتخمم :<< گطيت شفت اظكر يولد ؟>>,گال الذيب سابگ يتخمم :<< گطيت شفت اظكر يولد ؟>>,,,,non
source_brute,گال القاضي : <<گولها لك واعطي للنيرب عجلتها >>,گال القاضي : <<گولها لك واعطي للنيرب عجلتها >>,,,,non
source_brute,تسدير في انواكشوط,تسدير في انواكشوط,,,,non
source_brute,انهار هون ماه ابعيد امشيت نسدر في انواكشوط,انهار هون ماه ابعيد امشيت نسدر في انواكشوط,,,,non
source_brute,و جابتن التورس اعل صدرايات آراعيهم في نگر,و جابتن التورس اعل صدرايات اراعيهم في نگر,,,,non
source_brute,شْيٍ واحلِينَ فْيهِ و بِكَتْلِ الْوقْتِ .,شي واحلين فيه و بكتل الوقت .,,,,non
source_brute,اجبرت تحتهم عدد ما يوف من افگاريش والرجال,اجبرت تحتهم عدد ما يوف من افگاريش والرجال,,,,non
source_brute,الطايبيين اوگفت احذاهم لاه انشوف هم افاش واحلين,الطايبيين اوگفت احذاهم لاه انشوف هم افاش واحلين,,,,non
source_brute,لاحظت انهم متگسمين كل اجميع اعلى جهة و متباركه,لاحظت انهم متگسمين كل اجميع اعلي جهه و متباركه,,,,non
source_brute,امع اللعبه ال تختير ؛ هاذ خاطين ظامت واحلين فيها,امع اللعبه ال تختير ؛ هاذ خاطين ظامت واحلين فيها,,,,non
source_brute,وذوك ينزل مرياس .,وذوك ينزل مرياس .,,,,non
source_brute,اصحاب مرياس اربع و فارگ بيهم اجماع اكبير و كل,اصحاب مرياس اربع و فارگ بيهم اجماع اكبير و كل,,,,non
source_brute,فرقة عندها انصارها ال واحلين فيه الا تخراص النزل,فرقه عندها انصارها ال واحلين فيه الا تخراص النزل,,,,non
source_brute,وحدين منهم إحان دورهم لياك ينزل في أبلد ذوك,وحدين منهم احان دورهم لياك ينزل في ابلد ذوك,,,,non
source_brute,اصحاب ظامت دائما الا اثنين والناس لخر الا اتخرص .,اصحاب ظامت دائما الا اثنين والناس لخر الا اتخرص .,,,,non
source_brute,لاحظت ان ياسر من هاذ الناس الا تكوس ال ما عندهم,لاحظت ان ياسر من هاذ الناس الا تكوس ال ما عندهم,,,,non
source_brute,شي واحلين فيه و يكتل الوقت .,شي واحلين فيه و يكتل الوقت .,,,,non
source_brute,ازدواجيت المدين ولفريگ في انواكشوط,ازدواجيت المدين ولفريگ في انواكشوط,,,,non
source_brute,كان الموريتاني إعيش في الفرگان ابعيد عن جو المدينة,كان الموريتاني اعيش في الفرگان ابعيد عن جو المدينه,,,,non
source_brute,وعند ثقافت الخاصه وحيات و نمطها المتميز : اديار اخيام,وعند ثقافت الخاصه وحيات و نمطها المتميز : اديار اخيام,,,,non
source_brute,و وتات اجمال و احمير اقتصاد سرحت الحيوانات يتنگل من,و وتات اجمال و احمير اقتصاد سرحت الحيوانات يتنگل من,,,,non
source_brute,مكان شور اوخر وفجأة اجبر المواطن الموريتاني نفس مفروظ,مكان شور اوخر وفجاه اجبر المواطن الموريتاني نفس مفروظ,,,,non
source_brute,اعليها السكن في الدشر في جو ما كان يعرف : المدينة,اعليها السكن في الدشر في جو ما كان يعرف : المدينه,,,,non
source_brute,والحضر والثقافة العصرية و لخلاط امع ثقافات العالم,والحضر والثقافه العصريه و لخلاط امع ثقافات العالم,,,,non
source_brute,وعاد لابدال من يتكيف امع التقدم التكنولوجي وهاذ هو سبب,وعاد لابدال من يتكيف امع التقدم التكنولوجي وهاذ هو سبب,,,,non
source_brute,وجود ازدواجيت البداوة والتمدن مثلا تجبر,وجود ازدواجيت البداوه والتمدن مثلا تجبر,,,,non
source_brute,مول السيارة الزين المتقدمة وهو متقدم ومثقف إتم ماشي,مول السياره الزين المتقدمه وهو متقدم ومثقف اتم ماشي,,,,non
source_brute,أعلي گدروه إلين يتلاگ، امع صاحب إوگف لثنين في وسط,اعلي گدروه الين يتلاگ، امع صاحب اوگف لثنين في وسط,,,,non
source_brute,الشارع ويتلاو إشد لخبار و يگفل اطريگ ما بيهم انهم ما,الشارع ويتلاو اشد لخبار و يگفل اطريگ ما بيهم انهم ما,,,,non
source_brute,يعرف انهم خالف بيهم الا انهم اتعود أعلي حيات البادية,يعرف انهم خالف بيهم الا انهم اتعود اعلي حيات الباديه,,,,non
source_brute,الواسع ولا فيها مضايقة وإگد لبجاو إوگف امع صاحب وإشد,الواسع ولا فيها مضايقه واگد لبجاو اوگف امع صاحب واشد,,,,non
source_brute,لخبار كيف ابقاو ولا مراهم حد گافلين اعليه اطريگ.,لخبار كيف ابقاو ولا مراهم حد گافلين اعليه اطريگ.,,,,non
source_brute,تكوس في انواكشوط,تكوس في انواكشوط,,,,non
source_brute,من المعقول ان انواكشوط إمتل من تكوس و هاذ,من المعقول ان انواكشوط امتل من تكوس و هاذ,,,,non
source_brute,ال امواسيه ان انواكشوط هو مركز الشغل في,ال امواسيه ان انواكشوط هو مركز الشغل في,,,,non
source_brute,موريتان : فيه الحكومة والوزارات ولدارات و,موريتان : فيه الحكومه والوزارات ولدارات و,,,,non
source_brute,الشرايك لكبارات ورجال لعمال ولا عمال,الشرايك لكبارات ورجال لعمال ولا عمال,,,,non
source_brute,الحر فيه المدارس ال اتخرج اتلاميد فيه اكبر عدد,الحر فيه المدارس ال اتخرج اتلاميد فيه اكبر عدد,,,,non
source_brute,(ِ أم الساركَ ما أتتم الا انْزغْرتَ),( ام السارك ما اتتم الا انزغرت),,,,non
source_brute,الناس كامل تعرف الفظ وقيمتها عكس اهل البادي,الناس كامل تعرف الفظ وقيمتها عكس اهل البادي,,,,non
source_brute,في العمل والعيش .,في العمل والعيش .,,,,non
source_brute,إلين عاد انواكشوط ذ كيفت اوعار فيه اجبار الشغل,الين عاد انواكشوط ذ كيفت اوعار فيه اجبار الشغل,,,,non
source_brute,وكثرت تكوس في الشوارع وگدام الشرايك ولادارات,وكثرت تكوس في الشوارع وگدام الشرايك ولادارات,,,,non
source_brute,وفي اديار ما اتج الدار ما الحگت فيها قدر,وفي اديار ما اتج الدار ما الحگت فيها قدر,,,,non
source_brute,عشرين ارگاج ساكن فيها ماه اولادها وهاذ ارواگيج,عشرين ارگاج ساكن فيها ماه اولادها وهاذ ارواگيج,,,,non
source_brute,امصير اعليهم راجل واحد يمش في الدشر إلين,امصير اعليهم راجل واحد يمش في الدشر الين,,,,non
source_brute,إعود وقت لقد وال لعش يرجع شور الدار ويوكل,اعود وقت لقد وال لعش يرجع شور الدار ويوكل,,,,non
source_brute,ويشرب ويرگد إلين إعود الصبح ولا يعتمد اعلى,ويشرب ويرگد الين اعود الصبح ولا يعتمد اعلي,,,,non
source_brute,روصهم ويعرف ال گال المثل :,روصهم ويعرف ال گال المثل :,,,,non
source_brute,<< أم السارگ ما أتم الا اتزغرت>>,<< ام السارگ ما اتم الا اتزغرت>>,,,,non
source_brute,النقل في انواكشوط,النقل في انواكشوط,,,,non
source_brute,كل صبحاي يوگف ياسر من الناس اعلي احواشي الطرگوات,كل صبحاي يوگف ياسر من الناس اعلي احواشي الطرگوات,,,,non
source_brute,يتحراو شي يمش فيه . العمال ال ما عندهم وتات,يتحراو شي يمش فيه . العمال ال ما عندهم وتات,,,,non
source_brute,خاصة و شرايكهم ماه اموفرالهم النقل و اتلاميد تفرظ اعليهم,خاصه و شرايكهم ماه اموفرالهم النقل و اتلاميد تفرظ اعليهم,,,,non
source_brute,الحاله إبكر يكانهم يجبر وسيلت نقل و دائما خالگ الهم,الحاله ابكر يكانهم يجبر وسيلت نقل و دائما خالگ الهم,,,,non
source_brute,الا الكران و اكثر لوقات إملانين و املنگي فيهم,الا الكران و اكثر لوقات املانين و املنگي فيهم,,,,non
source_brute,الناس من لور .,الناس من لور .,,,,non
source_brute,وسائل النقل في انواكشوط ماه واحد و تختلف حسب قدرت,وسائل النقل في انواكشوط ماه واحد و تختلف حسب قدرت,,,,non
source_brute,ابساجة : فيه الوتات الزين ال الا عند البطارين ، و فيه,ابساجه : فيه الوتات الزين ال الا عند البطارين ، و فيه,,,,non
source_brute,وتات تودروا ال تمشي الا اعلى اطريگ امسگم وعندها,وتات تودروا ال تمشي الا اعلي اطريگ امسگم وعندها,,,,non
source_brute,اگواريج خاصة بيها ، فيه احمير شاريت ال يركبوها الا,اگواريج خاصه بيها ، فيه احمير شاريت ال يركبوها الا,,,,non
source_brute,الضعفاي ال في الكبات ، والخيل ال اتجر واتير وعندها,الضعفاي ال في الكبات ، والخيل ال اتجر واتير وعندها,,,,non
source_brute,ابليدات خاصه بيها وكل حد مستكفي بوسيلت إگول المثل ؛,ابليدات خاصه بيها وكل حد مستكفي بوسيلت اگول المثل ؛,,,,non
source_brute,<< گل حد حالت اتلاحگ بلاخرة >>,<< گل حد حالت اتلاحگ بلاخره >>,,,,non
source_brute,مشاكل تكوس في انواكشوط,مشاكل تكوس في انواكشوط,,,,non
source_brute,الناس ال اتكوس في انواكشوط عندها ياسر من المشاكل,الناس ال اتكوس في انواكشوط عندها ياسر من المشاكل,,,,non
source_brute,حد إلود للشغل في شريك وال في إدار ما كافيت شهادت ولا,حد الود للشغل في شريك وال في ادار ما كافيت شهادت ولا,,,,non
source_brute,معريفت بيه ياسر من العادات في المجتمع منها ان لا,معريفت بيه ياسر من العادات في المجتمع منها ان لا,,,,non
source_brute,بدال إعود يعرف حد في الشريكة وال لدار وال عند قريب,بدال اعود يعرف حد في الشريكه وال لدار وال عند قريب,,,,non
source_brute,يشتغل فيهم وإبوس في العمل وال ول خيم اكبير وال,يشتغل فيهم وابوس في العمل وال ول خيم اكبير وال,,,,non
source_brute,يعرف شخصي اكبير تتتوسطل في اهل الشريك وال في الحكومة,يعرف شخصي اكبير تتوسطل في اهل الشريك وال في الحكومه,,,,non
source_brute,لعليات ماهم كيفت الرجال بيهم ال لمر عيشتها اعلى اهلها,لعليات ماهم كيفت الرجال بيهم ال لمر عيشتها اعلي اهلها,,,,non
source_brute,سابگ تتخيم وإلين تتخيم راجلها فرظ اعليه إوفرلها كل,سابگ تتخيم والين تتخيم راجلها فرظ اعليه اوفرلها كل,,,,non
source_brute,شي ابغايتها فيه.,شي ابغايتها فيه.,,,,non
source_brute,الرجال هم ال لابدالهم من الشغل بيهم ال الراجل إلين,الرجال هم ال لابدالهم من الشغل بيهم ال الراجل الين,,,,non
source_brute,إعود ما إشتغل ما عند قيم ومطلوب من إعود ابخيمت,اعود ما اشتغل ما عند قيم ومطلوب من اعود ابخيمت,,,,non
source_brute,اتجيها الناس وهذا هو ال عدل الرجال في انواكشوط,اتجيها الناس وهذا هو ال عدل الرجال في انواكشوط,,,,non
source_brute,فاصلين في العمل ومن يال الودول.,فاصلين في العمل ومن يال الودول.,,,,non
source_brute,<< ال اصبر يلحگ الظل>>.,<< ال اصبر يلحگ الظل>>.,,,,non
source_brute,ليلت ١٣ يناير عند الساعه ١٢ تماما انطلست حملت البلديه .,ليلت ١٣ يناير عند الساعه ١٢ تماما انطلست حملت البلديه .,,,,non
source_brute,خاظت الناس من اديارها و وگفت اعلى الطرگوات واحيات الدشر،,خاظت الناس من اديارها و وگفت اعلي الطرگوات واحيات الدشر،,,,,non
source_brute,وگام لأصوات .,وگام لاصوات .,,,,non
source_brute,عاگب ذاك بدقائق گام للاف من الوتات متالبين اعلي الشوارع,عاگب ذاك بدقائق گام للاف من الوتات متالبين اعلي الشوارع,,,,non
source_brute,رافدين الناس آل اتعيط وإتزوگ واتزعرت إلين انصمكت الناس,رافدين الناس ال اتعيط واتزوگ واتزعرت الين انصمكت الناس,,,,non
source_brute,ولا اتل حد إگد يسمع شي اسو شنه مدت ذيك اليل كامل.,ولا اتل حد اگد يسمع شي اسو شنه مدت ذيك اليل كامل.,,,,non
source_brute,امع اصباح اوعينا اعلا لعليات كلهم تبني خيمتها < مكتبها>,امع اصباح اوعينا اعلا لعليات كلهم تبني خيمتها < مكتبها>,,,,non
source_brute,و امفرشتها و داير فيها آماعين و مسجيل ، و امعلگ اعليها رايه,و امفرشتها و داير فيها اماعين و مسجيل ، و امعلگ اعليها رايه,,,,non
source_brute,و ابواق و شعار حزبها المفضل .,و ابواق و شعار حزبها المفضل .,,,,non
source_brute,اخلگ اص الطرب الهول و ارگيص .,اخلگ اص الطرب الهول و ارگيص .,,,,non
source_brute,و عاد اجمايع آلا في لخيام الناس أتي واتگول لغن،,و عاد اجمايع الا في لخيام الناس اتي واتگول لغن،,,,,non
source_brute,اسمعت گيفان في أگطاع بين حزبين :,اسمعت گيفان في اگطاع بين حزبين :,,,,non
source_brute,سابك ما رين كاملين       مد ترضين لام,سابك ما رين كاملين مد ترضين لام,,,,non
source_brute,لاه انتم امعارضين         إلى يوم القيام,لاه انتم امعارضين الي يوم القيام,,,,non
source_brute,إلا تميت امعارضين      و اتعبت بالدوام,الا تميت امعارضين و اتعبت بالدوام,,,,non
source_brute,أحن هاذ ناجحين          سابگ يوم القيام .,احن هاذ ناجحين سابگ يوم القيام .,,,,non